order_id,date,time,order_type,branch_code,order_items,order_price,customer_lat,customer_lon,customerHasloyalty?,distance_to_customer_KM,delivery_fee
ORDB09494,2018-03-20,10:32:06,Breakfast,TP,"[('Cereal', 8), ('Pancake', 7), ('Coffee', 8)]",397.75,-37.8104287,144.9571029,0,8.864,11.3742595
ORDX05338,2018-01-04,08:00:00,Breakfast,BK,"[('Eggs', 2), ('Cereal', 2), ('Pancake', 5)]",207.25,-37.802047,144.9841272,1,6.268,5.0088693
ORDX00038,2018-11-10,18:18:35,Dinner,BK,"[('Salmon', 8), ('Fish&Chips', 1), ('Shrimp', 1)]",417.0,-37.8196704,145.0100186,0,4.324,13.4682638
ORDA02212,2018-06-22,13:44:47,Lunch,BK,"[('Steak', 3), ('Fries', 8), ('Salad', 9), ('Burger', 10)]",695.8,-37.8034682,144.9627353,0,7.773,13.2053775
ORDX04604,2018-06-04,13:04:13,Lunch,BK,"[('Fries', 3), ('Chicken', 5)]",196.0,-37.8022422,144.9328757,0,10.353,16.4446825
ORDA01361,2018-04-07,11:12:40,Breakfast,BK,"[('Pancake', 3), ('Coffee', 6), ('Cereal', 3)]",180.75,-37.8183864,145.0130674,0,4.213,11.287161
ORDA08770,2018-08-03,15:05:54,Lunch,BK,"[('Steak', 3), ('Fries', 7), ('Salad', 8), ('Chicken', 2)]",420.6,-37.8194059,144.9714696,0,7.94,20.48959755
ORDB11007,2018-11-09,18:18:35,Dinner,TP,"[('Fish&Chips', 4), ('Pasta', 7), ('Shrimp', 1)]",386.5,-37.8071864,144.9689935,0,9.202,6.6614632
ORDA01151,2018-11-30,18:59:09,Dinner,BK,"[('Salmon', 10), ('Fish&Chips', 6), ('Shrimp', 4), ('Pasta', 9)]",1083.5,-37.8020879,145.00374,0,5.308,12.5621271
ORDC04774,2018-10-26,17:48:10,Dinner,NS,"[('Pasta', 6), ('Shrimp', 5)]",435.0,-37.820523,144.9657444,0,8.933,15.0963001
ORDK03959,2018-06-09,13:14:21,Lunch,BK,"[('Burger', 5), ('Fries', 6), ('Chicken', 3), ('Steak', 3), ('Salad', 7)]",578.4,-37.8260948,144.9580486,0,9.078,17.4595723
ORDX08622,2018-07-03,14:05:04,Lunch,BK,"[('Salad', 10), ('Steak', 8), ('Burger', 8), ('Chicken', 5)]",940.0,-37.8075932,144.9629349,0,7.472,13.3919535
ORDA07420,2018-06-22,13:44:47,Lunch,BK,"[('Fries', 7), ('Salad', 6), ('Burger', 9), ('Steak', 5)]",691.2,-37.8044873,144.9290548,0,10.619,16.6836012
ORDK04721,2018-10-24,17:48:10,Dinner,BK,"[('Shrimp', 1), ('Fish&Chips', 10)]",404.0,-37.8202661,144.9667509,0,7.874,22.1960556
ORDX09590,2018-05-22,12:33:48,Lunch,BK,"[('Steak', 8), ('Fries', 1), ('Burger', 8), ('Chicken', 7)]",844.0,-37.8066168,144.9449809,0,9.33,22.348439550000002
ORDZ07306,2018-01-18,08:30:25,Breakfast,NS,"[('Coffee', 4), ('Pancake', 4), ('Eggs', 6)]",259.0,-37.822575,144.9365815,1,10.556,8.0078521
ORDK08690,2018-10-12,17:27:53,Dinner,BK,"[('Salmon', 4), ('Fish&Chips', 7)]",409.0,-37.8181136,144.9668992,0,7.522,14.5845345
ORDB01946,2018-10-05,17:07:36,Dinner,TP,"[('Pasta', 9), ('Salmon', 1), ('Shrimp', 3), ('Fish&Chips', 3)]",555.5,-37.8121116,144.9553051,0,8.748,18.981986250000002
ORDK06344,2018-03-02,10:01:41,Breakfast,BK,"[('Cereal', 3), ('Coffee', 7)]",115.5,-37.8187409,144.9908463,0,5.691,10.3844149
ORDB06236,2018-05-03,12:03:22,Lunch,TP,"[('Chicken', 1), ('Salad', 6), ('Steak', 7)]",450.2,-37.8168653,144.9656426,0,7.747,11.724939
ORDX03418,2018-05-03,12:03:22,Lunch,BK,"[('Burger', 2), ('Fries', 2), ('Salad', 9)]",240.8,-37.8107991,144.9636933,0,7.679,13.6000119
ORDA09509,2018-02-04,09:00:50,Breakfast,BK,"[('Cereal', 2), ('Pancake', 4), ('Eggs', 8)]",315.0,-37.8044604,144.9658551,0,7.385,14.7502682
ORDJ05644,2018-05-08,12:13:31,Lunch,TP,"[('Fries', 6), ('Chicken', 1), ('Steak', 6), ('Burger', 3)]",467.0,-37.8038835,144.95744,0,9.329,13.1591002
ORDJ03955,2018-12-17,19:39:43,Dinner,TP,"[('Salmon', 7), ('Pasta', 9)]",534.5,-37.8078274,144.9521754,0,9.344,13.4972152
ORDZ06642,2018-01-11,08:20:16,Breakfast,NS,"[('Coffee', 10), ('Cereal', 3)]",138.0,-37.8163074,144.9851272,1,8.769,7.128244
ORDC10523,2018-05-17,12:23:39,Lunch,NS,"[('Burger', 5), ('Salad', 6), ('Steak', 2), ('Fries', 1), ('Chicken', 10)]",680.2,-37.803875,144.9583647,0,7.534,13.3749302
ORDC03003,2018-11-17,18:38:52,Dinner,NS,"[('Fish&Chips', 2), ('Pasta', 4), ('Shrimp', 8)]",612.0,-37.7989278,144.9692712,0,6.355,14.6260566
ORDY01070,2018-08-22,15:46:28,Lunch,TP,"[('Fries', 7), ('Salad', 1)]",101.2,-37.8150935,144.9488377,0,9.184,12.5119275
ORDJ04879,2018-11-02,18:08:27,Dinner,TP,"[('Fish&Chips', 3), ('Salmon', 2), ('Pasta', 10), ('Shrimp', 4)]",678.0,-37.8184412,144.9688053,0,7.919,11.7377889
ORDY06437,2018-07-05,14:05:04,Lunch,TP,"[('Fries', 1), ('Burger', 1), ('Steak', 1), ('Salad', 10), ('Chicken', 2)]",324.0,-37.8054165,144.9365283,0,10.745,14.1013883
ORDC09052,2018-03-13,10:21:58,Breakfast,NS,"[('Coffee', 2), ('Eggs', 6)]",147.0,-37.8239116,144.9817443,0,9.358,14.2693299
ORDC03007,2018-06-13,13:24:30,Lunch,NS,"[('Chicken', 10), ('Fries', 4)]",368.0,-37.8113932,144.9533344,0,8.413,14.1417022
ORDZ10857,2018-10-31,17:58:18,Dinner,NS,"[('Salmon', 4), ('Pasta', 6), ('Shrimp', 6)]",653.0,-37.8155996,144.9973708,0,9.703,15.7388155
ORDZ06085,2018-05-25,12:43:56,Lunch,NS,"[('Burger', 10), ('Fries', 1), ('Steak', 1), ('Salad', 4), ('Chicken', 4)]",563.8,-37.8251275,144.9568527,0,9.726,14.9477283
ORDB07845,2018-12-24,19:49:51,Dinner,TP,"[('Fish&Chips', 10), ('Salmon', 6), ('Shrimp', 9), ('Pasta', 3)]",1164.5,-37.8192448,145.0052222,0,11.056,14.4360914
ORDC01920,2018-08-11,15:16:03,Lunch,NS,"[('Burger', 8), ('Salad', 9), ('Chicken', 4), ('Steak', 3)]",665.8,-37.8186212,144.9532323,0,10.649,18.4117845
ORDZ10994,2018-07-06,14:05:04,Lunch,NS,"[('Burger', 8), ('Chicken', 1), ('Fries', 3), ('Steak', 7)]",631.0,-37.8105086,144.996009,0,9.531,15.1349089
ORDJ03273,2018-09-19,16:37:10,Dinner,TP,"[('Shrimp', 6), ('Fish&Chips', 7)]",569.0,-37.7992834,144.9818062,0,10.58,14.8084742
ORDX04461,2018-12-26,19:49:51,Dinner,BK,"[('Pasta', 4), ('Salmon', 9), ('Fish&Chips', 7)]",724.0,-37.8133697,144.9651209,0,7.554,14.0666313
ORDZ03556,2018-05-19,12:33:48,Lunch,NS,"[('Burger', 9), ('Salad', 1), ('Steak', 8), ('Fries', 6)]",728.2,-37.8038253,144.9562081,0,7.736,15.3888246
ORDZ08086,2018-12-17,19:39:43,Dinner,NS,"[('Salmon', 9), ('Fish&Chips', 4)]",509.0,-37.8065273,144.9487655,0,8.632,14.6006568
ORDY02583,2018-02-11,09:21:07,Breakfast,TP,"[('Eggs', 1), ('Cereal', 6)]",148.0,-37.8111324,144.9699786,0,8.768,13.5943976
ORDC03023,2018-12-26,19:49:51,Dinner,NS,"[('Salmon', 8), ('Fish&Chips', 9), ('Shrimp', 6), ('Pasta', 10)]",1242.0,-37.8042708,145.0111606,0,10.127,15.4826693
ORDK05991,2018-11-24,18:49:00,Dinner,BK,"[('Shrimp', 2), ('Fish&Chips', 8), ('Pasta', 10), ('Salmon', 5)]",868.0,-37.8136159,144.9401528,0,9.692,28.786548600000003
ORDA03629,2018-06-15,13:24:30,Lunch,BK,"[('Fries', 7), ('Salad', 7), ('Burger', 4), ('Chicken', 4), ('Steak', 3)]",591.4,-37.8134999,144.9655868,0,7.497,13.3091218
ORDY00648,2018-12-27,20:00:00,Dinner,TP,"[('Fish&Chips', 9), ('Pasta', 4), ('Salmon', 3)]",548.0,-37.8122538,144.9386636,0,10.345,14.0528688
ORDB06079,2018-03-07,10:01:41,Breakfast,TP,"[('Eggs', 8), ('Coffee', 1)]",183.5,-37.7989322,144.944273,0,10.792,12.5352628
ORDC03549,2018-10-05,17:07:36,Dinner,NS,"[('Shrimp', 7), ('Salmon', 9), ('Pasta', 9), ('Fish&Chips', 5)]",1169.5,-37.8121116,144.9553051,0,8.216,14.2700528
ORDI04285,2018-10-23,17:48:10,Dinner,NS,"[('Salmon', 10), ('Shrimp', 9), ('Fish&Chips', 4)]",1036.0,-37.8131046,144.938555,0,9.764,15.9970881
ORDI04445,2018-08-27,15:56:37,Lunch,NS,"[('Salad', 4), ('Fries', 8), ('Chicken', 9)]",452.8,-37.8190279,144.954338,0,9.171,14.689358
ORDY03120,2018-09-02,16:06:45,Dinner,TP,"[('Fish&Chips', 10), ('Salmon', 6), ('Shrimp', 10), ('Pasta', 3)]",1218.5,-37.8126652,144.9687843,0,8.489,14.3938177
ORDA08017,2018-06-07,13:14:21,Lunch,BK,"[('Chicken', 6), ('Burger', 1)]",223.0,-37.8061582,144.9516719,0,8.517,14.4404653
ORDI01501,2018-04-01,10:52:23,Breakfast,NS,"[('Coffee', 7), ('Cereal', 8)]",220.5,-37.8194643,144.9791943,0,9.507,16.6668737
ORDI01159,2018-07-24,14:45:38,Lunch,NS,"[('Steak', 4), ('Burger', 1), ('Fries', 3), ('Chicken', 7), ('Salad', 4)]",539.8,-37.7991985,144.9846673,0,7.606,19.50179115
ORDB01633,2018-11-09,18:18:35,Dinner,TP,"[('Salmon', 5), ('Pasta', 5), ('Fish&Chips', 6)]",552.5,-37.8122321,144.9898339,0,9.967,13.8138992
ORDK04179,2018-10-05,17:07:36,Dinner,BK,"[('Shrimp', 7), ('Fish&Chips', 6), ('Pasta', 9)]",835.5,-37.8179092,144.954252,0,8.65,15.7940064
ORDC07648,2018-09-12,16:27:02,Dinner,NS,"[('Salmon', 8), ('Fish&Chips', 2), ('Pasta', 1), ('Shrimp', 5)]",695.5,-37.8067543,144.9414231,0,9.452,15.4902391
ORDK08465,2018-11-25,18:49:00,Dinner,BK,"[('Shrimp', 4), ('Salmon', 3), ('Pasta', 7)]",531.5,-37.8087794,144.9828008,0,5.687,14.4577713
ORDC08082,2018-02-16,09:31:16,Breakfast,NS,"[('Eggs', 7), ('Cereal', 2), ('Pancake', 3)]",268.75,-37.8018155,144.945695,0,8.508,13.5079023
ORDC00016,2018-06-29,13:54:55,Lunch,NS,"[('Fries', 5), ('Salad', 1), ('Burger', 4), ('Chicken', 4)]",329.2,-37.8272523,144.9845107,0,9.642,15.4760265
ORDC08536,2018-03-31,10:52:23,Breakfast,NS,"[('Cereal', 4), ('Eggs', 9)]",282.0,-37.8121452,144.9628902,0,7.797,14.8954245
ORDJ04820,2018-07-07,14:05:04,Lunch,TP,"[('Fries', 10), ('Steak', 2), ('Chicken', 5)]",370.0,-37.819498,144.960084,0,7.711,12.8815329
ORDJ03361,2018-08-18,15:36:20,Lunch,TP,"[('Fries', 9), ('Steak', 4)]",288.0,-37.8115054,144.9729388,0,8.834,13.789766
ORDI02310,2018-12-25,19:49:51,Dinner,NS,"[('Pasta', 2), ('Fish&Chips', 6)]",265.0,-37.8158254,145.0100907,0,10.909,16.9826299
ORDC00191,2018-04-20,11:32:57,Breakfast,NS,"[('Eggs', 8), ('Coffee', 10), ('Pancake', 1), ('Cereal', 10)]",485.25,-37.8174616,144.9527164,0,9.042,14.5102971
ORDJ09966,2018-02-21,09:41:24,Breakfast,TP,"[('Eggs', 9), ('Coffee', 9)]",265.5,-37.8049857,144.9956792,0,11.148,13.7971592
ORDI07886,2018-07-25,14:45:38,Lunch,NS,"[('Chicken', 10), ('Fries', 1), ('Salad', 7)]",452.4,-37.8223333,144.9755407,0,9.132,14.7111954
ORDC08083,2018-05-03,12:03:22,Lunch,NS,"[('Chicken', 8), ('Fries', 3), ('Steak', 8), ('Salad', 8), ('Burger', 2)]",851.6,-37.8204191,144.926592,0,11.492,17.156216
ORDI03213,2018-10-26,17:48:10,Dinner,NS,"[('Pasta', 3), ('Salmon', 7), ('Shrimp', 4)]",585.5,-37.8204016,144.9826808,0,9.092,14.9026699
ORDC09804,2018-07-31,14:55:46,Lunch,NS,"[('Steak', 5), ('Chicken', 7)]",449.0,-37.8153034,144.9339652,0,10.248,16.1374091
ORDZ01905,2018-01-15,08:20:16,Breakfast,NS,"[('Eggs', 9), ('Pancake', 3), ('Coffee', 3), ('Cereal', 2)]",335.25,-37.8177004,144.9747351,1,8.167,6.4694892
ORDZ01300,2018-12-13,19:29:34,Dinner,NS,"[('Fish&Chips', 4), ('Salmon', 7), ('Pasta', 10)]",702.0,-37.818645,144.9683478,0,8.44,14.4935555
ORDC09662,2018-09-25,16:47:19,Dinner,NS,"[('Pasta', 1), ('Fish&Chips', 10), ('Shrimp', 8)]",809.5,-37.823461,144.9786593,0,8.923,14.2293577
ORDX06757,2018-04-16,11:22:49,Breakfast,BK,"[('Pancake', 2), ('Coffee', 8), ('Eggs', 4), ('Cereal', 7)]",343.5,-37.8121507,144.9622847,0,7.651,13.1538233
ORDZ06019,2018-08-05,15:05:54,Lunch,NS,"[('Salad', 1), ('Steak', 6), ('Burger', 7), ('Fries', 10), ('Chicken', 3)]",720.2,-37.8030948,144.9494928,0,8.279,15.3394963
ORDA03755,2018-05-08,12:13:31,Lunch,BK,"[('Burger', 8), ('Fries', 10), ('Steak', 4)]",548.0,-37.8129602,144.9474598,0,9.744,15.654722
ORDZ06138,2018-05-01,11:53:14,Breakfast,NS,"[('Eggs', 2), ('Coffee', 7), ('Pancake', 3)]",169.25,-37.8088781,144.9500705,0,8.667,13.966979
ORDB07907,2018-06-10,13:14:21,Lunch,TP,"[('Salad', 6), ('Chicken', 1), ('Steak', 5), ('Fries', 6), ('Burger', 6)]",618.2,-37.8262655,144.9784469,0,8.613,13.4987528
ORDX06718,2018-06-27,13:54:55,Lunch,BK,"[('Salad', 10), ('Steak', 5), ('Chicken', 1), ('Fries', 8), ('Burger', 3)]",618.0,-37.8041355,144.9177199,0,11.617,17.4438253
ORDJ05394,2018-05-09,12:13:31,Lunch,TP,"[('Burger', 4), ('Fries', 3), ('Salad', 1), ('Steak', 2)]",267.2,-37.8010755,144.9639306,0,9.634,12.599643
ORDA04793,2018-10-16,17:27:53,Dinner,BK,"[('Fish&Chips', 2), ('Pasta', 3)]",152.5,-37.8234562,144.9949336,0,5.765,12.5018176
ORDK01810,2018-02-17,09:31:16,Breakfast,BK,"[('Pancake', 7), ('Cereal', 2)]",211.75,-37.8262741,144.9857654,0,6.746,13.9331436
ORDX06627,2018-01-17,08:30:25,Breakfast,BK,"[('Pancake', 6), ('Cereal', 1), ('Eggs', 7)]",320.5,-37.8064151,144.9560738,1,8.094,6.2157525
ORDA03762,2018-04-14,11:22:49,Breakfast,BK,"[('Eggs', 10), ('Pancake', 1)]",244.25,-37.8199658,144.9550517,0,8.606,16.0187721
ORDY05178,2018-04-08,11:12:40,Breakfast,TP,"[('Eggs', 4), ('Pancake', 5), ('Cereal', 6)]",335.25,-37.8080366,144.9689175,0,9.109,12.8571674
ORDZ00476,2018-11-14,18:28:43,Dinner,NS,"[('Pasta', 8), ('Shrimp', 1), ('Salmon', 7)]",561.0,-37.8196346,144.9849957,0,9.081,15.1437587
ORDX01043,2018-08-29,15:56:37,Lunch,BK,"[('Chicken', 1), ('Salad', 10), ('Fries', 7), ('Steak', 7)]",603.0,-37.8205483,144.9540667,0,8.698,14.7623075
ORDY10937,2018-07-29,14:55:46,Lunch,TP,"[('Burger', 10), ('Salad', 7), ('Chicken', 5)]",590.4,-37.8173887,144.9674374,0,7.747,12.9861801
ORDZ06594,2018-04-15,11:22:49,Breakfast,NS,"[('Cereal', 4), ('Pancake', 1), ('Eggs', 10)]",328.25,-37.8070706,144.9712662,0,6.898,13.694194
ORDK01647,2018-09-09,16:16:54,Dinner,BK,"[('Pasta', 2), ('Fish&Chips', 10)]",405.0,-37.8230006,144.9550492,0,8.744,18.5038601
ORDZ00759,2018-03-02,09:51:32,Breakfast,NS,"[('Coffee', 6), ('Eggs', 3)]",111.0,-37.8144896,144.9660863,0,7.964,12.5501633
ORDZ04904,2018-08-14,15:26:11,Lunch,NS,"[('Chicken', 1), ('Burger', 7), ('Fries', 6), ('Steak', 7)]",636.0,-37.8225205,144.9555842,0,9.545,15.5956096
ORDB04139,2018-11-30,18:59:09,Dinner,TP,"[('Shrimp', 10), ('Pasta', 1), ('Salmon', 8)]",895.5,-37.8026132,145.0024608,0,11.895,15.9464018
ORDK09466,2018-10-26,17:48:10,Dinner,BK,"[('Fish&Chips', 10), ('Pasta', 9)]",597.5,-37.8067615,144.9979966,0,4.648,11.2438645
ORDI05451,2018-04-03,11:02:32,Breakfast,NS,"[('Pancake', 7), ('Coffee', 9), ('Cereal', 7)]",384.25,-37.8124603,144.9880446,0,8.749,13.7893536
ORDJ01763,2018-07-07,14:05:04,Lunch,TP,"[('Steak', 4), ('Salad', 3), ('Chicken', 4)]",359.6,-37.8182286,144.9645541,0,7.58,12.1442007
ORDC11018,2018-10-12,17:27:53,Dinner,NS,"[('Shrimp', 3), ('Salmon', 4), ('Pasta', 2), ('Fish&Chips', 1)]",416.0,-37.8086535,144.9443381,0,9.283,15.8840822
ORDY03696,2018-02-11,09:21:07,Breakfast,TP,"[('Eggs', 4), ('Cereal', 6), ('Coffee', 10), ('Pancake', 3)]",361.75,-37.8161991,144.9763844,0,8.559,12.7170369
ORDX04320,2018-03-14,10:21:58,Breakfast,BK,"[('Eggs', 6), ('Pancake', 7)]",301.75,-37.8211305,144.9833823,0,6.59,11.4831408
ORDK10057,2018-10-08,17:17:44,Dinner,BK,"[('Salmon', 2), ('Pasta', 7), ('Fish&Chips', 1), ('Shrimp', 7)]",687.5,-37.817659,144.9590581,0,8.228,22.27817445
ORDK04319,2018-03-18,10:32:06,Breakfast,BK,"[('Pancake', 1), ('Cereal', 4)]",108.25,-37.8133132,144.9737721,0,6.846,6.910822
ORDB05748,2018-02-11,09:21:07,Breakfast,TP,"[('Coffee', 2), ('Eggs', 2), ('Pancake', 7), ('Cereal', 10)]",438.75,-37.8111718,144.9675094,0,8.634,12.9335497
ORDZ09800,2018-02-09,09:10:59,Breakfast,NS,"[('Coffee', 6), ('Cereal', 8), ('Pancake', 4), ('Eggs', 6)]",442.0,-37.8007415,144.9586101,0,7.23,12.4558119
ORDK04289,2018-07-29,14:55:46,Lunch,BK,"[('Chicken', 8), ('Salad', 9), ('Steak', 7), ('Burger', 7)]",942.8,-37.8148687,144.9663033,0,7.561,15.7451077
ORDA10983,2018-11-09,18:18:35,Dinner,BK,"[('Shrimp', 7), ('Fish&Chips', 9)]",693.0,-37.8223355,144.9474444,0,9.304,16.2649298
ORDK01783,2018-07-11,14:15:12,Lunch,BK,"[('Fries', 6), ('Salad', 6)]",175.2,-37.8009998,144.9723235,0,7.314,13.4232055
ORDZ04935,2018-05-20,12:33:48,Lunch,NS,"[('Fries', 7), ('Salad', 9), ('Burger', 1)]",269.8,-37.8097671,144.9926624,0,8.81,16.1467437
ORDK01558,2018-01-09,08:10:08,Breakfast,BK,"[('Eggs', 2), ('Cereal', 9)]",233.0,-37.8206025,145.0040141,1,4.699,4.6207994
ORDX02268,2018-06-14,13:24:30,Lunch,BK,"[('Burger', 8), ('Fries', 6), ('Chicken', 3)]",416.0,-37.7991639,144.9677438,0,7.85,13.5290842
ORDJ05069,2018-11-12,18:28:43,Dinner,TP,"[('Salmon', 9), ('Shrimp', 1)]",423.0,-37.8176866,144.9590709,0,7.941,17.6008206
ORDZ09157,2018-01-07,08:10:08,Breakfast,NS,"[('Coffee', 7), ('Eggs', 2), ('Pancake', 1)]",120.75,-37.8122119,144.9370288,1,10.127,8.320276
ORDI00789,2018-09-11,16:27:02,Dinner,NS,"[('Salmon', 4), ('Pasta', 1), ('Fish&Chips', 4), ('Shrimp', 1)]",385.5,-37.8079843,144.9688723,0,6.933,12.77126
ORDA01326,2018-09-03,16:06:45,Dinner,BK,"[('Pasta', 4), ('Shrimp', 3), ('Salmon', 8), ('Fish&Chips', 7)]",845.0,-37.8112151,144.9730847,0,6.777,13.5123375
ORDI08763,2018-02-07,09:10:59,Breakfast,NS,"[('Pancake', 6), ('Cereal', 3)]",208.5,-37.8230778,144.9378628,0,10.704,15.5561191
ORDY07133,2018-09-27,16:57:27,Dinner,TP,"[('Shrimp', 4), ('Fish&Chips', 1), ('Pasta', 7), ('Salmon', 9)]",812.5,-37.805173,144.9450317,0,10.066,14.4369514
ORDC03037,2018-10-04,17:07:36,Dinner,NS,"[('Salmon', 6), ('Shrimp', 1)]",300.0,-37.8189252,144.9957258,0,9.834,15.7663882
ORDX04716,2018-07-05,14:05:04,Lunch,BK,"[('Fries', 10), ('Burger', 7), ('Chicken', 5), ('Salad', 7), ('Steak', 4)]",797.4,-37.8046728,144.9365014,0,9.939,8.4223633
ORDK08958,2018-09-09,16:16:54,Dinner,BK,"[('Shrimp', 4), ('Pasta', 4), ('Fish&Chips', 4), ('Salmon', 9)]",835.0,-37.8064151,144.9834693,0,5.91,15.2817201
ORDX01513,2018-05-25,12:43:56,Lunch,BK,"[('Fries', 6), ('Chicken', 1), ('Steak', 9), ('Burger', 2), ('Salad', 4)]",639.8,-37.7980831,144.9875429,0,6.412,12.1595822
ORDI07389,2018-09-29,16:57:27,Dinner,NS,"[('Fish&Chips', 1), ('Pasta', 10), ('Shrimp', 10)]",850.0,-37.8073472,144.9781648,0,7.396,14.8474611
ORDZ08359,2018-12-13,19:29:34,Dinner,NS,"[('Salmon', 6), ('Pasta', 7), ('Fish&Chips', 2), ('Shrimp', 4)]",724.5,-37.8154182,144.9916827,0,9.283,15.109685
ORDA02970,2018-05-15,12:23:39,Lunch,BK,"[('Salad', 7), ('Fries', 2), ('Chicken', 1), ('Burger', 3), ('Steak', 7)]",584.4,-37.8192664,144.9604742,0,8.085,13.506656
ORDJ08745,2018-11-22,18:49:00,Dinner,TP,"[('Fish&Chips', 3), ('Pasta', 7), ('Salmon', 3)]",420.5,-37.811111,144.9733727,0,8.892,12.9531849
ORDI03593,2018-02-06,09:10:59,Breakfast,NS,"[('Cereal', 1), ('Eggs', 10), ('Pancake', 4)]",338.0,-37.7990439,144.9783346,0,6.983,12.1252306
ORDJ03000,2018-11-29,18:59:09,Dinner,TP,"[('Shrimp', 1), ('Pasta', 1), ('Salmon', 6)]",327.5,-37.8350501,144.961502,0,9.232,13.4499267
ORDI01050,2018-04-12,11:22:49,Breakfast,NS,"[('Eggs', 3), ('Coffee', 8)]",126.0,-37.7998329,144.93173,0,9.749,15.2204372
ORDJ10947,2018-07-13,14:25:21,Lunch,TP,"[('Salad', 1), ('Burger', 4)]",141.2,-37.8163233,145.0085808,0,11.596,14.6426093
ORDJ00756,2018-04-16,11:22:49,Breakfast,TP,"[('Cereal', 7), ('Eggs', 4)]",235.0,-37.8135706,144.9573567,0,8.426,10.9248009
ORDI00043,2018-10-05,17:07:36,Dinner,NS,"[('Salmon', 7), ('Pasta', 4), ('Shrimp', 3)]",559.0,-37.808112,144.9567149,0,7.977,14.0423764
ORDI04799,2018-06-09,13:14:21,Lunch,NS,"[('Salad', 8), ('Burger', 10), ('Steak', 9), ('Chicken', 3)]",948.6,-37.8200867,144.9584,0,9.106,17.1828229
ORDI08796,2018-12-30,20:00:00,Dinner,NS,"[('Salmon', 6), ('Fish&Chips', 5), ('Shrimp', 5), ('Pasta', 7)]",883.5,-37.7985859,145.0066298,0,9.804,17.9566829
ORDI07792,2018-08-24,15:46:28,Lunch,NS,"[('Salad', 3), ('Steak', 5), ('Burger', 1), ('Fries', 9), ('Chicken', 10)]",735.6,-37.8209341,144.9655064,0,8.867,22.218252149999998
ORDA06565,2018-05-24,12:43:56,Lunch,BK,"[('Salad', 6), ('Steak', 8), ('Fries', 9), ('Chicken', 7), ('Burger', 4)]",919.2,-37.8127899,144.9398626,0,9.726,15.6467477
ORDC05796,2018-03-13,10:21:58,Breakfast,NS,"[('Coffee', 3), ('Eggs', 6), ('Cereal', 6)]",280.5,-37.8102123,144.9807122,0,7.905,12.8028902
ORDX09428,2018-06-30,13:54:55,Lunch,BK,"[('Fries', 3), ('Steak', 2), ('Burger', 5), ('Salad', 7)]",401.4,-37.810713,144.938994,0,9.817,18.4051807
ORDB10087,2018-06-04,13:04:13,Lunch,TP,"[('Burger', 8), ('Steak', 4), ('Salad', 2)]",462.4,-37.8203815,144.9708427,0,7.815,11.2360734
ORDX00874,2018-02-16,09:31:16,Breakfast,BK,"[('Cereal', 10), ('Eggs', 4)]",298.0,-37.7997369,144.9460633,0,9.25,14.5552875
ORDB06031,2018-03-20,10:32:06,Breakfast,TP,"[('Coffee', 10), ('Pancake', 8), ('Eggs', 6), ('Cereal', 10)]",611.0,-37.8097055,144.9596272,0,8.722,12.4108856
ORDZ07246,2018-01-17,08:30:25,Breakfast,NS,"[('Pancake', 1), ('Cereal', 8), ('Coffee', 2), ('Eggs', 9)]",405.25,-37.8050383,144.970424,1,6.67,2.78881005
ORDK03558,2018-01-27,08:50:42,Breakfast,BK,"[('Coffee', 5), ('Eggs', 5), ('Cereal', 4), ('Pancake', 10)]",474.0,-37.7993265,144.9631099,0,8.191,15.7014577
ORDA08503,2018-05-16,12:23:39,Lunch,BK,"[('Salad', 8), ('Steak', 1), ('Chicken', 2), ('Burger', 8), ('Fries', 6)]",566.6,-37.8080176,144.9709312,0,6.936,12.9183315
ORDC00607,2018-09-30,16:57:27,Dinner,NS,"[('Salmon', 3), ('Pasta', 10)]",398.0,-37.8144874,144.943067,0,9.444,17.2356176
ORDK00254,2018-02-04,09:00:50,Breakfast,BK,"[('Pancake', 2), ('Eggs', 5), ('Coffee', 9), ('Cereal', 6)]",352.0,-37.8173359,144.9915902,0,5.597,13.0811856
ORDY05087,2018-12-23,19:49:51,Dinner,TP,"[('Fish&Chips', 9), ('Pasta', 5)]",452.5,-37.8185812,145.0049127,0,11.061,16.1055907
ORDC07382,2018-02-26,09:51:32,Breakfast,NS,"[('Cereal', 10), ('Pancake', 5)]",331.25,-37.8128953,144.995536,0,9.359,14.1665488
ORDB07359,2018-04-12,11:12:40,Breakfast,TP,"[('Cereal', 7), ('Eggs', 10), ('Coffee', 1)]",374.5,-37.8138309,144.9615484,0,8.279,5.4169959
ORDZ03703,2018-05-09,12:13:31,Lunch,NS,"[('Burger', 10), ('Salad', 8), ('Chicken', 3), ('Steak', 5)]",768.6,-37.8173884,144.989896,0,9.214,14.4027715
ORDK03050,2018-10-11,17:17:44,Dinner,BK,"[('Salmon', 10), ('Shrimp', 9), ('Fish&Chips', 8)]",1176.0,-37.8224422,144.9718403,0,7.784,14.612674
ORDK00535,2018-11-16,18:38:52,Dinner,BK,"[('Fish&Chips', 2), ('Shrimp', 1)]",124.0,-37.821333,144.9834794,0,6.475,13.5320028
ORDC07736,2018-02-07,09:10:59,Breakfast,NS,"[('Cereal', 10), ('Coffee', 6), ('Eggs', 2), ('Pancake', 8)]",493.0,-37.8082903,144.9785409,0,7.538,12.9754338
ORDX03676,2018-02-07,09:10:59,Breakfast,BK,"[('Pancake', 8), ('Cereal', 10)]",404.0,-37.8121119,144.9778596,0,6.424,11.9360003
ORDK01157,2018-01-01,08:00:00,Breakfast,BK,"[('Eggs', 8), ('Coffee', 5), ('Pancake', 2), ('Cereal', 5)]",367.0,-37.8044679,144.9388588,1,10.037,7.2873866
ORDY10316,2018-09-14,16:27:02,Dinner,TP,"[('Shrimp', 6), ('Salmon', 6)]",570.0,-37.8106013,144.9283067,0,11.346,15.5332318
ORDZ06398,2018-04-03,11:02:32,Breakfast,NS,"[('Eggs', 6), ('Cereal', 6), ('Pancake', 3), ('Coffee', 4)]",360.75,-37.8124603,144.9880446,0,8.749,13.6787425
ORDZ07490,2018-08-23,15:46:28,Lunch,NS,"[('Chicken', 8), ('Steak', 1), ('Salad', 6), ('Fries', 6), ('Burger', 5)]",631.2,-37.814246,144.9352781,0,10.125,15.8453963
ORDA06042,2018-05-06,12:03:22,Lunch,BK,"[('Chicken', 8), ('Steak', 9), ('Fries', 6)]",733.0,-37.8081247,144.9344576,0,10.419,18.5295356
ORDJ00121,2018-05-30,12:54:05,Lunch,TP,"[('Burger', 10), ('Chicken', 4), ('Salad', 8), ('Steak', 6), ('Fries', 4)]",893.6,-37.822891,144.9364294,0,9.871,13.3150323
ORDC01620,2018-09-21,16:37:10,Dinner,NS,"[('Shrimp', 4), ('Pasta', 6), ('Fish&Chips', 7)]",626.0,-37.8000279,144.9704433,0,6.167,12.5399568
ORDZ04878,2018-01-22,08:40:33,Breakfast,NS,"[('Coffee', 6), ('Eggs', 7), ('Pancake', 1), ('Cereal', 5)]",328.25,-37.8149517,144.9574841,0,8.46,12.8674078
ORDY03250,2018-05-07,12:03:22,Lunch,TP,"[('Fries', 5), ('Steak', 8), ('Chicken', 6), ('Burger', 9)]",891.0,-37.8008187,144.948584,0,10.254,13.7760305
ORDZ04708,2018-06-04,13:04:13,Lunch,NS,"[('Chicken', 5), ('Fries', 2), ('Steak', 1), ('Salad', 8), ('Burger', 4)]",490.6,-37.8203792,144.9706953,0,8.778,14.5685843
ORDZ03369,2018-07-31,14:55:46,Lunch,NS,"[('Steak', 8), ('Burger', 1), ('Salad', 4)]",459.8,-37.822644,144.9555467,0,9.565,7.632382
ORDA04443,2018-05-24,12:43:56,Lunch,BK,"[('Steak', 5), ('Fries', 8), ('Salad', 7)]",441.4,-37.8127899,144.9398626,0,9.726,15.5022556
ORDI04693,2018-05-16,12:23:39,Lunch,NS,"[('Burger', 5), ('Salad', 8)]",292.6,-37.8083448,144.9715553,0,7.357,12.6033497
ORDZ04753,2018-08-06,15:05:54,Lunch,NS,"[('Steak', 9), ('Burger', 8), ('Chicken', 4)]",781.0,-37.8119997,144.9656268,0,7.662,13.0586473
ORDJ00584,2018-05-18,12:33:48,Lunch,TP,"[('Salad', 4), ('Fries', 7), ('Chicken', 9)]",440.8,-37.8149433,144.9450349,0,9.565,13.0508499
ORDC10859,2018-06-03,13:04:13,Lunch,NS,"[('Fries', 9), ('Steak', 9)]",513.0,-37.8044354,144.928002,0,10.536,17.8575079
ORDB04848,2018-01-30,08:50:42,Breakfast,TP,"[('Coffee', 5), ('Pancake', 6)]",183.0,-37.8095238,144.9904915,0,10.228,12.6269455
ORDI00050,2018-10-22,17:48:10,Dinner,NS,"[('Pasta', 7), ('Salmon', 10)]",602.5,-37.8128879,144.9374815,0,9.899,16.0890492
ORDZ11108,2018-09-29,16:57:27,Dinner,NS,"[('Pasta', 1), ('Salmon', 6)]",273.5,-37.8106324,144.9452414,0,9.117,16.9950181
ORDZ09400,2018-07-13,14:25:21,Lunch,NS,"[('Burger', 4), ('Fries', 4), ('Chicken', 10), ('Steak', 3)]",627.0,-37.8189265,145.002589,0,10.357,16.1816615
ORDB10451,2018-11-17,18:38:52,Dinner,TP,"[('Salmon', 1), ('Fish&Chips', 9), ('Shrimp', 5)]",626.0,-37.8149435,144.9446672,0,9.605,14.7449988
ORDI01314,2018-06-19,13:34:38,Lunch,NS,"[('Chicken', 8), ('Fries', 7), ('Burger', 2), ('Steak', 4), ('Salad', 3)]",633.6,-37.824998,144.99804,0,10.453,15.8157755
ORDI02936,2018-02-15,09:31:16,Breakfast,NS,"[('Eggs', 3), ('Cereal', 7), ('Coffee', 9), ('Pancake', 2)]",329.0,-37.8143628,145.0068668,0,10.404,15.6804815
ORDI05102,2018-02-04,09:00:50,Breakfast,NS,"[('Pancake', 8), ('Coffee', 3), ('Cereal', 5)]",321.5,-37.8011957,144.9325838,0,9.685,16.3804764
ORDC06350,2018-07-06,14:05:04,Lunch,NS,"[('Salad', 7), ('Burger', 1), ('Fries', 8), ('Chicken', 6), ('Steak', 6)]",709.4,-37.809813,144.9888787,0,8.478,20.67347145
ORDA07287,2018-02-08,09:10:59,Breakfast,BK,"[('Coffee', 10), ('Cereal', 1), ('Eggs', 10), ('Pancake', 9)]",534.25,-37.8216031,144.9808114,0,6.985,11.7861849
ORDB08150,2018-02-08,09:10:59,Breakfast,TP,"[('Pancake', 10), ('Coffee', 7)]",295.0,-37.8217584,144.9811986,0,8.703,11.4368844
ORDZ05625,2018-03-25,10:42:15,Breakfast,NS,"[('Eggs', 8), ('Pancake', 2), ('Coffee', 3), ('Cereal', 5)]",352.0,-37.8123041,144.9736425,0,7.562,14.4945274
ORDA04270,2018-01-21,08:40:33,Breakfast,BK,"[('Pancake', 3), ('Cereal', 9)]",261.75,-37.8058514,144.9644836,0,7.403,14.9585576
ORDK02801,2018-05-24,12:43:56,Lunch,BK,"[('Burger', 7), ('Salad', 3), ('Steak', 5), ('Chicken', 8)]",749.6,-37.8197986,144.9767395,0,7.247,13.2677916
ORDC01373,2018-06-17,13:24:30,Lunch,NS,"[('Burger', 8), ('Fries', 5), ('Chicken', 8), ('Steak', 7), ('Salad', 6)]",982.2,-37.802534,144.9645872,0,6.822,14.3650691
ORDY01249,2018-12-16,19:29:34,Dinner,TP,"[('Pasta', 3), ('Shrimp', 10), ('Fish&Chips', 5)]",797.5,-37.8243951,144.9444393,0,9.083,14.4726163
ORDA04462,2018-06-26,13:44:47,Lunch,BK,"[('Chicken', 8), ('Fries', 9), ('Salad', 3)]",415.6,-37.8257212,144.9845267,0,6.917,12.4589583
ORDY10507,2018-08-29,15:56:37,Lunch,TP,"[('Steak', 3), ('Chicken', 10), ('Fries', 9)]",563.0,-37.8111307,144.9590314,0,8.668,12.473182
ORDY06202,2018-06-02,13:04:13,Lunch,TP,"[('Steak', 6), ('Salad', 6), ('Fries', 10), ('Chicken', 3), ('Burger', 9)]",868.2,-37.8182282,144.9648044,0,7.562,12.6270231
ORDA09118,2018-04-27,11:43:05,Breakfast,BK,"[('Pancake', 8), ('Cereal', 7)]",341.0,-37.8005886,144.9424587,0,9.533,21.90305625
ORDI01495,2018-07-28,14:55:46,Lunch,NS,"[('Salad', 5), ('Burger', 2), ('Chicken', 1), ('Fries', 1)]",192.0,-37.8129615,144.9597068,0,8.056,16.0935031
ORDZ09803,2018-07-28,14:55:46,Lunch,NS,"[('Burger', 5), ('Chicken', 9), ('Fries', 8), ('Steak', 2)]",629.0,-37.8107208,144.9586769,0,7.914,15.4472023
ORDI09698,2018-10-13,17:27:53,Dinner,NS,"[('Pasta', 8), ('Fish&Chips', 8)]",500.0,-37.8211598,144.9554353,0,9.418,17.3338526
ORDB07328,2018-11-09,18:18:35,Dinner,TP,"[('Shrimp', 8), ('Pasta', 3), ('Fish&Chips', 8), ('Salmon', 8)]",1122.5,-37.8210487,144.9579365,0,7.923,12.0653665
ORDC10234,2018-08-04,15:05:54,Lunch,NS,"[('Steak', 2), ('Chicken', 10)]",410.0,-37.8206792,144.9485253,0,9.722,17.6919508
ORDA00615,2018-01-06,08:10:08,Breakfast,BK,"[('Coffee', 7), ('Eggs', 1), ('Pancake', 9), ('Cereal', 7)]",439.75,-37.8097118,144.9765548,1,6.328,6.9822532
ORDB08347,2018-02-03,09:00:50,Breakfast,TP,"[('Cereal', 1), ('Pancake', 4), ('Eggs', 8), ('Coffee', 1)]",301.5,-37.8233216,144.960685,0,7.674,11.9828875
ORDK08444,2018-06-25,13:44:47,Lunch,BK,"[('Burger', 10), ('Fries', 3), ('Salad', 10), ('Chicken', 4)]",646.0,-37.8246131,144.982916,0,7.063,12.8580176
ORDC00922,2018-08-11,15:16:03,Lunch,NS,"[('Steak', 9), ('Fries', 9), ('Salad', 6), ('Burger', 9)]",895.2,-37.8186212,144.9532323,0,10.649,18.2026763
ORDA04438,2018-09-23,16:47:19,Dinner,BK,"[('Shrimp', 2), ('Pasta', 4), ('Salmon', 4), ('Fish&Chips', 3)]",487.0,-37.8191503,144.925218,0,11.074,20.3120544
ORDX08491,2018-10-12,17:27:53,Dinner,BK,"[('Shrimp', 7), ('Salmon', 6)]",624.0,-37.8111649,144.9899736,0,5.128,11.6873913
ORDZ06970,2018-02-13,09:21:07,Breakfast,NS,"[('Eggs', 8), ('Pancake', 4)]",273.0,-37.8020621,144.9653646,0,6.699,11.9270165
ORDA00116,2018-07-16,14:25:21,Lunch,BK,"[('Fries', 2), ('Salad', 7), ('Steak', 8), ('Chicken', 2), ('Burger', 10)]",878.4,-37.8042506,144.957403,0,8.04,14.0256223
ORDX06588,2018-07-20,14:35:29,Lunch,BK,"[('Burger', 3), ('Salad', 9), ('Fries', 7), ('Chicken', 6), ('Steak', 5)]",748.8,-37.8077923,144.9545028,0,8.344,13.3041469
ORDJ01611,2018-01-21,08:30:25,Breakfast,TP,"[('Coffee', 9), ('Pancake', 2)]",116.0,-37.8027201,144.9741767,0,9.833,14.1329473
ORDA06722,2018-01-06,08:10:08,Breakfast,BK,"[('Pancake', 9), ('Eggs', 9)]",416.25,-37.8018876,144.9462257,1,9.13,8.1082427
ORDK02117,2018-05-14,12:23:39,Lunch,BK,"[('Salad', 3), ('Chicken', 3), ('Fries', 7), ('Steak', 5), ('Burger', 6)]",642.6,-37.8204493,144.9566883,0,8.44,14.6062314
ORDZ05510,2018-07-09,14:15:12,Lunch,NS,"[('Salad', 6), ('Steak', 7)]",418.2,-37.8206475,144.9539668,0,9.448,14.8881691
ORDC00501,2018-08-12,15:26:11,Lunch,NS,"[('Burger', 7), ('Salad', 4), ('Fries', 10), ('Chicken', 1), ('Steak', 9)]",842.8,-37.8133508,144.9651096,0,7.857,7.692344
ORDZ02972,2018-11-06,18:08:27,Dinner,NS,"[('Fish&Chips', 5), ('Shrimp', 6), ('Pasta', 1), ('Salmon', 7)]",813.5,-37.8151872,144.9635228,0,8.156,21.789847350000002
ORDZ05234,2018-10-06,17:07:36,Dinner,NS,"[('Fish&Chips', 8), ('Pasta', 3), ('Salmon', 6), ('Shrimp', 6)]",932.5,-37.8193274,144.9835902,0,9.089,17.1105775
ORDX08724,2018-09-09,16:16:54,Dinner,BK,"[('Pasta', 9), ('Shrimp', 9), ('Salmon', 6)]",979.5,-37.8234541,144.9937219,0,5.85,14.4813072
ORDC03956,2018-10-04,17:07:36,Dinner,NS,"[('Shrimp', 7), ('Pasta', 6), ('Fish&Chips', 10)]",893.0,-37.8088307,144.9420426,0,9.956,15.8367841
ORDI09205,2018-06-20,13:34:38,Lunch,NS,"[('Chicken', 1), ('Burger', 2), ('Fries', 8), ('Steak', 10)]",640.0,-37.8044436,144.9492177,0,8.447,13.9421218
ORDA02930,2018-11-30,18:59:09,Dinner,BK,"[('Fish&Chips', 4), ('Salmon', 6), ('Shrimp', 7), ('Pasta', 2)]",819.0,-37.801178,145.0030763,0,5.397,12.2718855
ORDA06966,2018-08-28,15:56:37,Lunch,BK,"[('Fries', 6), ('Salad', 9), ('Steak', 4), ('Burger', 5)]",561.8,-37.8163279,144.949857,0,9.082,14.8424707
ORDJ09803,2018-10-30,17:58:18,Dinner,TP,"[('Salmon', 3), ('Pasta', 7)]",315.5,-37.807911,144.9418072,0,10.105,13.802946
ORDY00728,2018-12-07,19:19:26,Dinner,TP,"[('Shrimp', 6), ('Pasta', 3), ('Fish&Chips', 3)]",511.5,-37.8183225,144.9605734,0,7.767,18.00748275
ORDJ08832,2018-12-26,19:49:51,Dinner,TP,"[('Salmon', 2), ('Shrimp', 10)]",622.0,-37.8055673,144.9576512,0,9.177,13.1272818
ORDK03754,2018-10-05,17:07:36,Dinner,BK,"[('Fish&Chips', 7), ('Salmon', 3), ('Pasta', 1)]",395.5,-37.8157742,144.969369,0,7.233,14.2675594
ORDX01210,2018-08-29,15:56:37,Lunch,BK,"[('Fries', 2), ('Burger', 1)]",55.0,-37.8103627,144.9607907,0,7.676,13.6326889
ORDX07179,2018-09-30,16:57:27,Dinner,BK,"[('Pasta', 1), ('Salmon', 6), ('Shrimp', 5), ('Fish&Chips', 3)]",648.5,-37.8148791,144.9418491,0,9.536,9.23335795
ORDI09713,2018-12-03,19:09:17,Dinner,NS,"[('Pasta', 7), ('Fish&Chips', 3), ('Shrimp', 8)]",729.5,-37.8162029,145.0102235,0,10.888,17.3859047
ORDZ06602,2018-10-31,17:58:18,Dinner,NS,"[('Fish&Chips', 9), ('Pasta', 10), ('Shrimp', 4)]",806.0,-37.8073211,144.9733902,0,7.026,13.0867263
ORDZ00934,2018-03-27,10:42:15,Breakfast,NS,"[('Pancake', 7), ('Eggs', 1)]",191.75,-37.8204421,144.9679896,0,8.703,13.5203182
ORDI00916,2018-12-24,19:49:51,Dinner,NS,"[('Salmon', 6), ('Pasta', 2), ('Fish&Chips', 9)]",616.0,-37.8187328,145.0038814,0,10.494,16.7715782
ORDJ05439,2018-04-09,11:12:40,Breakfast,TP,"[('Coffee', 3), ('Pancake', 7), ('Eggs', 7)]",346.25,-37.8007266,144.9522349,0,9.954,12.8618926
ORDK00051,2018-12-31,20:00:00,Dinner,BK,"[('Pasta', 6), ('Salmon', 3)]",288.0,-37.8210293,144.9696248,0,7.816,14.7942352
ORDZ07386,2018-07-27,14:45:38,Lunch,NS,"[('Burger', 5), ('Fries', 9), ('Steak', 2), ('Chicken', 1)]",385.0,-37.7995965,144.9695882,0,6.247,18.22643175
ORDB06386,2018-12-04,19:09:17,Dinner,TP,"[('Pasta', 4), ('Fish&Chips', 6), ('Shrimp', 3), ('Salmon', 5)]",687.0,-37.8212852,144.9835097,0,8.953,12.8199444
ORDB05556,2018-08-08,15:16:03,Lunch,TP,"[('Chicken', 3), ('Salad', 1)]",113.2,-37.8063149,144.9420464,0,10.272,13.5117936
ORDA04406,2018-08-15,15:26:11,Lunch,BK,"[('Steak', 2), ('Chicken', 2), ('Burger', 8)]",402.0,-37.8010831,144.9697994,0,7.499,14.0820124
ORDC04606,2018-02-01,09:00:50,Breakfast,NS,"[('Coffee', 9), ('Cereal', 6), ('Eggs', 1)]",215.5,-37.824527,144.9884597,0,9.63,14.3197662
ORDJ00078,2018-04-29,11:53:14,Breakfast,TP,"[('Cereal', 3), ('Eggs', 6), ('Pancake', 9)]",413.25,-37.8085804,144.9455316,0,9.831,14.0360564
ORDJ02210,2018-05-08,12:13:31,Lunch,TP,"[('Fries', 7), ('Chicken', 5), ('Burger', 9)]",523.0,-37.8004569,144.9975411,0,11.718,14.7878271
ORDB09134,2018-10-22,17:48:10,Dinner,TP,"[('Pasta', 4), ('Shrimp', 8), ('Salmon', 5), ('Fish&Chips', 9)]",1062.0,-37.8194833,144.9628206,0,7.822,12.0110085
ORDK03904,2018-05-19,12:33:48,Lunch,BK,"[('Chicken', 10), ('Fries', 7), ('Burger', 1), ('Salad', 2)]",469.4,-37.8245608,144.9564993,0,9.817,18.3916366
ORDB08060,2018-08-06,15:05:54,Lunch,TP,"[('Burger', 1), ('Fries', 6)]",103.0,-37.8072432,144.9687506,0,9.184,12.5145756
ORDI06342,2018-05-09,12:13:31,Lunch,NS,"[('Salad', 4), ('Steak', 5), ('Chicken', 9), ('Burger', 1), ('Fries', 7)]",696.8,-37.8165703,144.9869799,0,8.939,14.6368156
ORDC08218,2018-03-19,10:32:06,Breakfast,NS,"[('Pancake', 10), ('Coffee', 7), ('Eggs', 3)]",361.0,-37.8174026,144.9673919,0,8.312,12.6699593
ORDY04821,2018-12-30,20:00:00,Dinner,TP,"[('Pasta', 3), ('Salmon', 7), ('Shrimp', 4), ('Fish&Chips', 9)]",900.5,-37.8162293,144.9373234,0,10.411,15.2753362
ORDY04353,2018-01-05,08:00:00,Breakfast,TP,"[('Coffee', 3), ('Cereal', 9), ('Pancake', 9)]",429.75,-37.8111682,144.9402874,1,10.13,6.6007621
ORDI09828,2018-07-03,14:05:04,Lunch,NS,"[('Steak', 1), ('Fries', 7)]",129.0,-37.8096698,144.9637071,0,7.43,13.128889
ORDA02420,2018-11-16,18:28:43,Dinner,BK,"[('Fish&Chips', 8), ('Shrimp', 9), ('Pasta', 2), ('Salmon', 5)]",1026.0,-37.8111025,144.9781866,0,6.294,13.0946126
ORDJ10845,2018-06-13,13:24:30,Lunch,TP,"[('Steak', 9), ('Burger', 6), ('Fries', 10)]",711.0,-37.8113864,144.9520036,0,9.131,12.5863785
ORDJ08912,2018-09-12,16:27:02,Dinner,TP,"[('Shrimp', 7), ('Fish&Chips', 5), ('Salmon', 5)]",758.0,-37.8225832,144.9638538,0,7.511,11.7837133
ORDK04251,2018-03-18,10:32:06,Breakfast,BK,"[('Coffee', 9), ('Cereal', 2)]",109.5,-37.8113306,144.9728599,0,6.805,14.1140163
ORDY01427,2018-08-07,15:16:03,Lunch,TP,"[('Chicken', 5), ('Steak', 10), ('Salad', 9), ('Fries', 6)]",836.8,-37.811963,144.9558165,0,8.7,12.1413407
ORDC06839,2018-12-22,19:49:51,Dinner,NS,"[('Pasta', 4), ('Shrimp', 1), ('Fish&Chips', 10)]",514.0,-37.8074114,144.9671342,0,6.987,15.0474655
ORDX07121,2018-03-09,10:11:49,Breakfast,BK,"[('Pancake', 5), ('Eggs', 2), ('Cereal', 10), ('Coffee', 2)]",390.25,-37.8157963,144.9664983,0,7.568,12.2826572
ORDJ00158,2018-12-05,19:09:17,Dinner,TP,"[('Shrimp', 7), ('Fish&Chips', 9), ('Salmon', 6)]",939.0,-37.800839,144.9609485,0,9.613,13.4894421
ORDC06649,2018-11-24,18:49:00,Dinner,NS,"[('Fish&Chips', 8), ('Salmon', 4)]",444.0,-37.8132503,144.9397692,0,9.662,17.6774477
ORDJ01716,2018-10-01,16:57:27,Dinner,TP,"[('Shrimp', 6), ('Fish&Chips', 10), ('Salmon', 5), ('Pasta', 3)]",961.5,-37.8117705,144.97473,0,8.809,12.8749147
ORDI05355,2018-06-23,13:44:47,Lunch,NS,"[('Steak', 3), ('Burger', 5), ('Fries', 9), ('Salad', 5), ('Chicken', 8)]",740.0,-37.8036392,144.9922661,0,8.307,15.5825032
ORDK04196,2018-12-24,19:49:51,Dinner,BK,"[('Pasta', 8), ('Shrimp', 8)]",652.0,-37.8189424,145.0023257,0,4.679,11.4952564
ORDB00205,2018-07-15,14:25:21,Lunch,TP,"[('Steak', 2), ('Salad', 9)]",244.8,-37.8158995,144.9852018,0,9.404,14.6197526
ORDY03315,2018-11-06,18:18:35,Dinner,TP,"[('Shrimp', 1), ('Salmon', 2), ('Fish&Chips', 2)]",206.0,-37.8143923,144.9630777,0,8.01,12.4304143
ORDY00959,2018-08-17,15:26:11,Lunch,TP,"[('Chicken', 1), ('Salad', 8), ('Burger', 4), ('Fries', 1), ('Steak', 5)]",530.6,-37.8120664,145.01463,0,12.319,15.1699626
ORDI07155,2018-09-28,16:57:27,Dinner,NS,"[('Fish&Chips', 5), ('Shrimp', 1)]",229.0,-37.8062153,144.9497858,0,8.507,7.27405245
ORDY03794,2018-05-31,12:54:05,Lunch,TP,"[('Salad', 8), ('Burger', 9), ('Steak', 2), ('Fries', 3)]",542.6,-37.8019303,144.9572928,0,9.502,13.2140497
ORDX05390,2018-02-14,09:21:07,Breakfast,BK,"[('Cereal', 10), ('Eggs', 6), ('Coffee', 6), ('Pancake', 7)]",556.75,-37.8158528,144.9634938,0,7.899,12.8832098
ORDB06923,2018-10-14,17:27:53,Dinner,TP,"[('Fish&Chips', 4), ('Salmon', 2), ('Shrimp', 5)]",492.0,-37.8187186,144.9644169,0,7.883,13.2368407
ORDC10206,2018-10-13,17:27:53,Dinner,NS,"[('Pasta', 8), ('Fish&Chips', 4)]",360.0,-37.8211302,144.9577365,0,9.276,17.4086685
ORDZ03587,2018-06-06,13:04:13,Lunch,NS,"[('Steak', 1), ('Fries', 6), ('Burger', 6)]",303.0,-37.7998978,144.990086,0,8.091,13.3697545
ORDX05348,2018-11-30,18:59:09,Dinner,BK,"[('Shrimp', 5), ('Fish&Chips', 1), ('Salmon', 8)]",633.0,-37.801905,145.0034357,0,5.283,11.8860481
ORDJ06990,2018-11-21,18:49:00,Dinner,TP,"[('Pasta', 10), ('Salmon', 8), ('Shrimp', 6)]",927.0,-37.8024488,144.9566083,0,9.51,13.0030261
ORDY06065,2018-12-24,19:49:51,Dinner,TP,"[('Fish&Chips', 2), ('Salmon', 3), ('Shrimp', 1)]",247.0,-37.8158956,144.9532873,0,13.675,17.1860647
ORDA09589,2018-11-18,18:38:52,Dinner,BK,"[('Fish&Chips', 3), ('Pasta', 9), ('Salmon', 6), ('Shrimp', 5)]",868.5,-37.8140479,144.9359943,0,10.207,19.4216254
ORDB07248,2018-04-02,11:02:32,Breakfast,TP,"[('Pancake', 8), ('Eggs', 4)]",282.0,-37.8145936,144.9902397,0,9.922,13.074922
ORDC02853,2018-03-16,10:21:58,Breakfast,NS,"[('Cereal', 8), ('Eggs', 8), ('Coffee', 9), ('Pancake', 10)]",654.0,-37.8011582,144.9576924,0,7.363,12.7580427
ORDB09405,2018-01-15,08:20:16,Breakfast,TP,"[('Coffee', 9), ('Cereal', 2), ('Eggs', 6)]",241.5,-37.8148596,144.9235134,1,12.373,7.5176096
ORDX08225,2018-09-23,16:47:19,Dinner,BK,"[('Fish&Chips', 4), ('Shrimp', 9), ('Salmon', 3)]",749.0,-37.824845,144.9576466,0,8.776,17.6425656
ORDJ11088,2018-04-05,11:02:32,Breakfast,TP,"[('Eggs', 2), ('Pancake', 7), ('Coffee', 10), ('Cereal', 10)]",498.75,-37.8002524,144.9434681,0,10.681,13.0511008
ORDC09402,2018-08-08,15:16:03,Lunch,NS,"[('Chicken', 7), ('Burger', 5), ('Fries', 10), ('Salad', 9)]",653.8,-37.8184589,144.9600571,0,8.812,14.131139
ORDB00280,2018-05-19,12:33:48,Lunch,TP,"[('Chicken', 9), ('Steak', 4), ('Salad', 6), ('Fries', 3)]",607.2,-37.8026418,144.9938728,0,11.179,15.750996
ORDY01527,2018-07-19,14:35:29,Lunch,TP,"[('Salad', 10), ('Burger', 2), ('Steak', 3)]",369.0,-37.8056962,144.9772251,0,9.576,12.8321169
ORDX10261,2018-07-22,14:45:38,Lunch,BK,"[('Salad', 6), ('Fries', 6), ('Steak', 4)]",355.2,-37.8261748,145.0083752,0,5.033,13.0425913
ORDA06786,2018-06-22,13:44:47,Lunch,BK,"[('Salad', 3), ('Fries', 7), ('Chicken', 1)]",167.6,-37.8104218,145.0138047,0,4.086,9.316987
ORDK08491,2018-07-30,14:55:46,Lunch,BK,"[('Burger', 3), ('Chicken', 8), ('Steak', 4), ('Fries', 5)]",589.0,-37.8027369,145.0021591,0,5.201,10.4424781
ORDK08108,2018-06-29,13:54:55,Lunch,BK,"[('Salad', 6), ('Fries', 5), ('Chicken', 6), ('Steak', 4)]",535.2,-37.8040331,144.9908223,0,5.585,11.2766549
ORDX09507,2018-01-11,08:20:16,Breakfast,BK,"[('Cereal', 5), ('Pancake', 6), ('Eggs', 4)]",338.5,-37.807266,144.9574618,1,8.184,6.5398246
ORDX06518,2018-08-10,15:16:03,Lunch,BK,"[('Chicken', 1), ('Fries', 8), ('Salad', 2), ('Steak', 7)]",477.4,-37.7990947,144.9632954,0,8.229,21.49658865
ORDB03514,2018-07-12,14:15:12,Lunch,TP,"[('Salad', 10), ('Fries', 1), ('Chicken', 3), ('Steak', 6)]",550.0,-37.8079972,144.9687948,0,9.107,12.2127619
ORDA01152,2018-09-15,16:27:02,Dinner,BK,"[('Salmon', 9), ('Fish&Chips', 7), ('Pasta', 8), ('Shrimp', 6)]",1158.0,-37.8009019,145.0041125,0,5.411,15.4483183
ORDA01635,2018-11-04,18:08:27,Dinner,BK,"[('Fish&Chips', 8), ('Pasta', 10), ('Salmon', 1)]",596.0,-37.8187901,144.9529565,0,8.847,18.0854166
ORDB07161,2018-06-06,13:04:13,Lunch,TP,"[('Fries', 4), ('Burger', 7), ('Chicken', 1), ('Steak', 1)]",342.0,-37.8033062,144.9493759,0,9.943,12.6412324
ORDI02105,2018-11-16,18:28:43,Dinner,NS,"[('Shrimp', 6), ('Salmon', 4), ('Fish&Chips', 7), ('Pasta', 3)]",815.5,-37.8236345,144.9590451,0,9.991,16.1001509
ORDK09470,2018-04-06,11:02:32,Breakfast,BK,"[('Cereal', 8), ('Eggs', 6)]",300.0,-37.8120005,144.9654688,0,7.459,12.0119846
ORDA04936,2018-10-22,17:48:10,Dinner,BK,"[('Salmon', 4), ('Fish&Chips', 4)]",304.0,-37.8128879,144.9374815,0,9.99,16.9588467
ORDK00684,2018-04-03,11:02:32,Breakfast,BK,"[('Eggs', 10), ('Coffee', 10), ('Cereal', 9), ('Pancake', 4)]",581.0,-37.8032198,144.9740179,0,6.998,11.5013312
ORDC10769,2018-08-24,15:46:28,Lunch,NS,"[('Chicken', 8), ('Salad', 2), ('Burger', 7)]",507.4,-37.8153543,144.9355892,0,10.055,15.8348306
ORDA10788,2018-02-11,09:21:07,Breakfast,BK,"[('Coffee', 4), ('Eggs', 3), ('Pancake', 3)]",168.75,-37.8147011,144.9691441,0,7.277,14.6901404
ORDY05707,2018-09-28,16:57:27,Dinner,TP,"[('Salmon', 8), ('Pasta', 4), ('Fish&Chips', 10)]",788.0,-37.8073472,144.9428177,0,10.123,13.9742023
ORDY03288,2018-08-01,14:55:46,Lunch,TP,"[('Salad', 3), ('Steak', 7), ('Fries', 4)]",414.6,-37.8069403,144.9488771,0,9.665,13.0132603
ORDB07152,2018-10-30,17:58:18,Dinner,TP,"[('Pasta', 5), ('Fish&Chips', 5), ('Salmon', 9)]",681.5,-37.8216928,144.9949042,0,10.008,13.9684638
ORDK10554,2018-08-24,15:46:28,Lunch,BK,"[('Chicken', 2), ('Salad', 5)]",150.0,-37.8176264,144.9693911,0,7.694,6.9464876
ORDZ07070,2018-10-26,17:48:10,Dinner,NS,"[('Shrimp', 4), ('Pasta', 5)]",353.5,-37.8088231,144.9662083,0,7.18,6.4974527
ORDZ01154,2018-08-25,15:46:28,Lunch,NS,"[('Chicken', 5), ('Burger', 1), ('Fries', 4)]",239.0,-37.8092158,144.9372023,0,10.141,8.74510485
ORDY05780,2018-10-18,17:38:01,Dinner,TP,"[('Fish&Chips', 2), ('Salmon', 5)]",275.0,-37.8033053,144.9510182,0,9.886,20.141938200000002
ORDK05941,2018-07-08,14:15:12,Lunch,BK,"[('Salad', 1), ('Fries', 3), ('Burger', 6)]",239.2,-37.8051836,144.9850443,0,5.934,13.8775729
ORDY09588,2018-08-09,15:16:03,Lunch,TP,"[('Steak', 4), ('Fries', 7), ('Chicken', 8), ('Burger', 8)]",768.0,-37.7989401,144.9629875,0,9.901,13.0396682
ORDB07804,2018-07-29,14:55:46,Lunch,TP,"[('Fries', 2), ('Burger', 8), ('Chicken', 7), ('Steak', 4), ('Salad', 4)]",744.8,-37.8148687,144.9663033,0,8.046,13.242354
ORDK00259,2018-12-04,19:09:17,Dinner,BK,"[('Salmon', 5), ('Fish&Chips', 8)]",485.0,-37.810693,145.0110926,0,4.014,5.090406
ORDB03499,2018-03-12,10:11:49,Breakfast,TP,"[('Pancake', 7), ('Coffee', 1), ('Eggs', 7)]",331.25,-37.8108423,144.9631913,0,8.437,10.83006
ORDA09072,2018-03-09,10:11:49,Breakfast,BK,"[('Eggs', 5), ('Cereal', 3), ('Pancake', 8)]",367.0,-37.8157562,144.9661149,0,7.603,12.4618391
ORDZ06550,2018-05-27,12:43:56,Lunch,NS,"[('Fries', 4), ('Steak', 10), ('Burger', 10), ('Chicken', 8), ('Salad', 2)]",1098.4,-37.8248384,144.9913285,0,9.727,16.4422985
ORDC04639,2018-12-05,19:09:17,Dinner,NS,"[('Salmon', 9), ('Pasta', 10), ('Shrimp', 3)]",806.0,-37.8191325,144.9539896,0,9.207,15.573465
ORDK10642,2018-10-07,17:17:44,Dinner,BK,"[('Pasta', 8), ('Salmon', 5), ('Shrimp', 3)]",587.0,-37.8020899,144.9659546,0,7.654,17.2536104
ORDJ08551,2018-06-21,13:34:38,Lunch,TP,"[('Steak', 7), ('Chicken', 8)]",571.0,-37.8142155,144.9728707,0,8.517,12.0508538
ORDI09826,2018-02-02,09:00:50,Breakfast,NS,"[('Pancake', 6), ('Coffee', 7), ('Cereal', 7), ('Eggs', 4)]",433.0,-37.8200292,145.0127233,0,11.267,16.4080886
ORDA06311,2018-04-05,11:02:32,Breakfast,BK,"[('Eggs', 4), ('Cereal', 2), ('Pancake', 1), ('Coffee', 3)]",176.75,-37.8188816,144.9521909,0,8.918,14.5216284
ORDC08414,2018-09-14,16:27:02,Dinner,NS,"[('Pasta', 7), ('Shrimp', 8), ('Fish&Chips', 5)]",799.5,-37.8003787,144.954199,0,7.606,6.71260745
ORDK03468,2018-03-01,09:51:32,Breakfast,BK,"[('Pancake', 4), ('Eggs', 9)]",295.0,-37.8236177,144.982925,0,7.004,11.2161802
ORDZ07081,2018-02-09,09:10:59,Breakfast,NS,"[('Coffee', 8), ('Cereal', 3), ('Pancake', 1)]",147.25,-37.8147057,144.9688207,0,7.865,12.6574242
ORDK00978,2018-08-26,15:46:28,Lunch,BK,"[('Fries', 5), ('Salad', 8)]",197.6,-37.8123375,144.9385228,0,10.441,18.7927485
ORDC01245,2018-12-23,19:49:51,Dinner,NS,"[('Pasta', 10), ('Fish&Chips', 8), ('Shrimp', 3)]",717.0,-37.8184062,144.9485331,0,9.486,17.6214902
ORDY00123,2018-02-20,09:31:16,Breakfast,TP,"[('Cereal', 7), ('Eggs', 9), ('Pancake', 4)]",442.0,-37.8050371,144.9287516,0,11.307,13.6636116
ORDY02414,2018-07-21,14:35:29,Lunch,TP,"[('Salad', 8), ('Steak', 10), ('Burger', 6), ('Chicken', 4)]",901.6,-37.8260078,144.9821994,0,8.995,13.7973918
ORDC01841,2018-11-25,18:49:00,Dinner,NS,"[('Salmon', 4), ('Pasta', 7)]",356.5,-37.8087889,144.9829109,0,7.905,16.0696495
ORDB06824,2018-06-04,13:04:13,Lunch,TP,"[('Chicken', 5), ('Salad', 2), ('Steak', 9), ('Burger', 1), ('Fries', 5)]",690.4,-37.8200266,144.9706807,0,7.801,11.2357904
ORDC06576,2018-09-22,16:47:19,Dinner,NS,"[('Fish&Chips', 8), ('Pasta', 2)]",335.0,-37.7997691,144.9718105,0,6.247,13.8576096
ORDX07404,2018-11-06,18:08:27,Dinner,BK,"[('Salmon', 9), ('Fish&Chips', 1), ('Pasta', 10)]",679.0,-37.8151504,144.963666,0,7.756,14.7347378
ORDB01848,2018-11-21,18:38:52,Dinner,TP,"[('Salmon', 1), ('Fish&Chips', 4), ('Pasta', 7), ('Shrimp', 1)]",427.5,-37.8081894,144.9766348,0,9.287,13.5149918
ORDB06782,2018-05-14,12:23:39,Lunch,TP,"[('Steak', 3), ('Salad', 1), ('Fries', 8), ('Chicken', 4)]",376.2,-37.8204493,144.9566883,0,8.035,11.7356679
ORDZ08464,2018-03-10,10:11:49,Breakfast,NS,"[('Eggs', 6), ('Cereal', 10)]",342.0,-37.8138653,144.9618774,0,8.249,15.4948124
ORDC06892,2018-01-31,08:50:42,Breakfast,NS,"[('Pancake', 3), ('Eggs', 3), ('Cereal', 5)]",243.75,-37.8233387,145.0144058,0,11.772,17.1899422
ORDA01454,2018-01-18,08:30:25,Breakfast,BK,"[('Pancake', 6), ('Cereal', 10)]",355.5,-37.8060043,144.9572258,1,7.949,6.3379421
ORDZ03849,2018-03-03,10:01:41,Breakfast,NS,"[('Pancake', 7), ('Cereal', 7), ('Coffee', 5)]",354.25,-37.8239236,144.990595,0,9.658,16.5492187
ORDJ08766,2018-06-11,13:14:21,Lunch,TP,"[('Fries', 10), ('Burger', 7), ('Steak', 8), ('Chicken', 8)]",953.0,-37.8240328,144.9439381,0,9.146,12.4002068
ORDY07264,2018-01-28,08:50:42,Breakfast,TP,"[('Eggs', 2), ('Coffee', 2)]",59.0,-37.8102036,144.9370154,0,10.447,14.7850627
ORDY01237,2018-03-02,10:01:41,Breakfast,TP,"[('Coffee', 6), ('Pancake', 3), ('Cereal', 5), ('Eggs', 1)]",244.75,-37.8186858,144.9903755,0,9.827,12.2779683
ORDJ02392,2018-10-15,17:27:53,Dinner,TP,"[('Shrimp', 5), ('Fish&Chips', 8)]",550.0,-37.8153243,144.9898768,0,9.981,14.1555891
ORDY10602,2018-08-09,15:16:03,Lunch,TP,"[('Chicken', 2), ('Steak', 8), ('Fries', 3)]",460.0,-37.8235021,144.9563142,0,7.968,11.562794
ORDA05623,2018-05-01,11:53:14,Breakfast,BK,"[('Cereal', 8), ('Coffee', 8), ('Pancake', 4)]",325.0,-37.8099634,144.9520213,0,8.595,13.4869364
ORDI04302,2018-10-05,17:07:36,Dinner,NS,"[('Pasta', 1), ('Fish&Chips', 10)]",377.5,-37.8089285,144.9662571,0,7.193,6.67374715
ORDZ09689,2018-08-06,15:05:54,Lunch,NS,"[('Steak', 5), ('Chicken', 9)]",513.0,-37.8051377,144.9641863,0,7.068,6.1718861
ORDC08448,2018-07-06,14:05:04,Lunch,NS,"[('Salad', 10), ('Steak', 9), ('Chicken', 3)]",673.0,-37.81322,144.9390609,0,10.246,15.4588718
ORDZ00439,2018-06-01,12:54:05,Lunch,NS,"[('Burger', 1), ('Steak', 6)]",301.0,-37.8064405,144.987244,0,8.046,13.7699912
ORDJ00145,2018-03-30,10:52:23,Breakfast,TP,"[('Coffee', 7), ('Eggs', 10), ('Cereal', 2)]",314.5,-37.8102835,144.9614249,0,8.489,11.2057101
ORDY01691,2018-04-28,11:53:14,Breakfast,TP,"[('Coffee', 1), ('Eggs', 8), ('Pancake', 3)]",256.25,-37.818105,144.9802333,0,8.793,13.4646553
ORDX01829,2018-10-11,17:17:44,Dinner,BK,"[('Shrimp', 4), ('Salmon', 9), ('Fish&Chips', 5), ('Pasta', 7)]",952.5,-37.8120953,144.9534154,0,8.426,7.32580645
ORDX08900,2018-06-21,13:34:38,Lunch,BK,"[('Steak', 7), ('Fries', 1), ('Burger', 2), ('Salad', 4)]",457.8,-37.8046849,144.9446115,0,9.089,15.0487524
ORDB03964,2018-01-25,08:40:33,Breakfast,TP,"[('Eggs', 4), ('Cereal', 10)]",298.0,-37.8102312,144.9614027,0,8.496,11.1580716
ORDK04956,2018-03-02,09:51:32,Breakfast,BK,"[('Cereal', 1), ('Pancake', 3)]",93.75,-37.817893,144.9900038,0,5.702,10.846208
ORDC08724,2018-02-19,09:31:16,Breakfast,NS,"[('Cereal', 5), ('Pancake', 10), ('Coffee', 8), ('Eggs', 4)]",495.5,-37.8050314,144.9279056,0,10.574,15.5316739
ORDX05172,2018-05-29,12:54:05,Lunch,BK,"[('Chicken', 6), ('Fries', 6), ('Steak', 8), ('Burger', 1)]",655.0,-37.8176003,145.0107683,0,4.115,10.0297041
ORDJ00335,2018-01-13,08:20:16,Breakfast,TP,"[('Eggs', 6), ('Coffee', 10)]",207.0,-37.8070501,144.9908745,1,10.498,7.2225178
ORDC10830,2018-10-15,17:27:53,Dinner,NS,"[('Shrimp', 6), ('Fish&Chips', 2), ('Salmon', 5)]",599.0,-37.8095988,144.9755558,0,7.465,13.2832953
ORDC05092,2018-09-17,16:37:10,Dinner,NS,"[('Pasta', 5), ('Salmon', 2), ('Fish&Chips', 10)]",569.5,-37.8225695,144.9527452,0,9.821,16.1838474
ORDB08876,2018-01-27,08:50:42,Breakfast,TP,"[('Cereal', 8), ('Pancake', 8), ('Eggs', 10), ('Coffee', 1)]",589.5,-37.8092649,144.9492653,0,9.505,13.5842509
ORDB09092,2018-11-22,18:49:00,Dinner,TP,"[('Salmon', 7), ('Shrimp', 1), ('Fish&Chips', 7)]",586.0,-37.8070268,144.9709796,0,9.359,13.3215233
ORDJ04484,2018-06-18,13:34:38,Lunch,TP,"[('Burger', 10), ('Steak', 10)]",760.0,-37.8227158,145.0154707,0,12.081,15.4449798
ORDX04336,2018-09-07,16:16:54,Dinner,BK,"[('Shrimp', 8), ('Salmon', 6), ('Fish&Chips', 9)]",993.0,-37.8208751,144.9766646,0,7.268,14.3646686
ORDA00429,2018-07-15,14:25:21,Lunch,BK,"[('Salad', 8), ('Fries', 7), ('Burger', 1), ('Steak', 9)]",657.6,-37.8201983,144.957654,0,8.346,16.5873152
ORDK07171,2018-10-19,17:38:01,Dinner,BK,"[('Fish&Chips', 3), ('Shrimp', 6)]",429.0,-37.8006565,145.0031593,0,4.983,11.4515716
ORDY04155,2018-09-15,16:27:02,Dinner,TP,"[('Pasta', 3), ('Fish&Chips', 9), ('Salmon', 10)]",807.5,-37.8148583,144.9360023,0,10.551,7.93080735
ORDI04408,2018-07-06,14:05:04,Lunch,NS,"[('Chicken', 2), ('Steak', 7), ('Fries', 5)]",439.0,-37.8054866,144.9882968,0,8.068,13.9108344
ORDB05418,2018-02-08,09:10:59,Breakfast,TP,"[('Pancake', 10), ('Eggs', 1), ('Cereal', 2)]",306.5,-37.8233446,144.9814779,0,8.623,11.5277511
ORDB07842,2018-04-21,11:32:57,Breakfast,TP,"[('Eggs', 1), ('Pancake', 1), ('Cereal', 3), ('Coffee', 3)]",131.75,-37.8038685,144.9535998,0,9.661,13.5094341
ORDA09294,2018-07-27,14:45:38,Lunch,BK,"[('Burger', 7), ('Steak', 6), ('Fries', 2), ('Chicken', 3), ('Salad', 6)]",710.2,-37.8104509,144.9834662,0,5.711,11.5879768
ORDY09168,2018-07-22,14:45:38,Lunch,TP,"[('Salad', 5), ('Fries', 4), ('Burger', 3), ('Chicken', 8), ('Steak', 5)]",708.0,-37.8039667,144.9499719,0,9.985,15.1547279
ORDJ08992,2018-07-22,14:35:29,Lunch,TP,"[('Salad', 1), ('Chicken', 2), ('Steak', 5)]",306.2,-37.8238646,144.9826675,0,8.673,13.695299
ORDI10634,2018-11-04,18:08:27,Dinner,NS,"[('Fish&Chips', 7), ('Shrimp', 4), ('Salmon', 9), ('Pasta', 8)]",1050.0,-37.8113191,144.9528176,0,8.479,16.4701094
ORDY03384,2018-06-09,13:14:21,Lunch,TP,"[('Salad', 10), ('Fries', 5)]",232.0,-37.8041691,144.9483613,0,9.886,14.3061171
ORDX11047,2018-09-06,16:16:54,Dinner,BK,"[('Salmon', 9), ('Shrimp', 4), ('Fish&Chips', 9)]",900.0,-37.8164884,144.9844661,0,6.098,12.650436
ORDB08638,2018-07-06,14:05:04,Lunch,TP,"[('Salad', 6), ('Fries', 7), ('Burger', 3), ('Steak', 4), ('Chicken', 8)]",716.2,-37.8197666,144.9949336,0,10.169,20.50614075
ORDA02057,2018-07-18,14:35:29,Lunch,BK,"[('Steak', 6), ('Fries', 5), ('Chicken', 3), ('Salad', 4)]",494.8,-37.8121781,144.9444538,0,9.259,15.2418347
ORDC01183,2018-05-18,12:33:48,Lunch,NS,"[('Steak', 6), ('Fries', 8), ('Burger', 6), ('Chicken', 2)]",616.0,-37.8029722,144.9579912,0,7.548,12.8940705
ORDK09089,2018-07-31,14:55:46,Lunch,BK,"[('Salad', 9), ('Fries', 2), ('Burger', 1), ('Steak', 3)]",344.8,-37.8055792,144.9813172,0,6.519,12.2851595
ORDJ05363,2018-02-06,09:10:59,Breakfast,TP,"[('Pancake', 8), ('Cereal', 9), ('Eggs', 8)]",559.0,-37.8009189,145.0073256,0,13.828,15.545839
ORDA05116,2018-04-01,10:52:23,Breakfast,BK,"[('Pancake', 4), ('Coffee', 10)]",172.0,-37.817049,144.9534384,0,8.644,16.2259973
ORDA05152,2018-08-07,15:16:03,Lunch,BK,"[('Burger', 9), ('Chicken', 7), ('Salad', 8), ('Steak', 1)]",685.6,-37.8112181,144.9583727,0,7.91,13.5341004
ORDK00940,2018-09-04,16:06:45,Dinner,BK,"[('Fish&Chips', 1), ('Pasta', 6), ('Shrimp', 3), ('Salmon', 6)]",608.0,-37.8142292,144.9389634,0,9.8,16.4794411
ORDC08131,2018-04-07,11:02:32,Breakfast,NS,"[('Eggs', 10), ('Coffee', 8), ('Pancake', 10), ('Cereal', 4)]",606.5,-37.8113142,144.9729803,0,7.418,14.6323567
ORDB08549,2018-08-09,15:16:03,Lunch,TP,"[('Salad', 4), ('Steak', 3)]",203.8,-37.8068155,144.9379825,0,10.459,13.9552114
ORDA07655,2018-07-05,14:05:04,Lunch,BK,"[('Fries', 2), ('Salad', 5), ('Chicken', 9), ('Burger', 7)]",615.0,-37.8058417,144.9364965,0,9.939,16.0015044
ORDK05504,2018-05-23,12:43:56,Lunch,BK,"[('Steak', 5), ('Chicken', 2), ('Salad', 8), ('Fries', 8)]",522.6,-37.8189958,144.9768879,0,7.144,19.521021150000003
ORDY02213,2018-02-06,09:10:59,Breakfast,TP,"[('Pancake', 4), ('Cereal', 6), ('Coffee', 3), ('Eggs', 7)]",399.5,-37.821611,144.9362424,0,9.892,18.58554735
ORDY10921,2018-03-09,10:11:49,Breakfast,TP,"[('Cereal', 8), ('Coffee', 8), ('Pancake', 1)]",252.25,-37.8062887,144.9593388,0,8.983,11.7391762
ORDJ09123,2018-05-12,12:13:31,Lunch,TP,"[('Salad', 4), ('Burger', 3)]",161.8,-37.8016163,144.9585272,0,9.543,15.0537729
ORDZ01827,2018-02-24,09:41:24,Breakfast,NS,"[('Eggs', 8), ('Coffee', 4)]",206.0,-37.8003874,145.0057105,0,9.514,16.3195641
ORDI03044,2018-10-10,17:17:44,Dinner,NS,"[('Salmon', 8), ('Pasta', 10), ('Shrimp', 2), ('Fish&Chips', 6)]",921.0,-37.8117199,144.9528154,0,8.511,14.2658713
ORDA02619,2018-03-19,10:32:06,Breakfast,BK,"[('Pancake', 2), ('Coffee', 3)]",71.0,-37.8192441,144.9330365,0,10.716,16.1060533
ORDA10144,2018-12-31,20:00:00,Dinner,BK,"[('Pasta', 7), ('Salmon', 9), ('Shrimp', 6), ('Fish&Chips', 2)]",955.5,-37.803388,145.0075238,0,5.558,12.395513
ORDI01121,2018-01-01,08:00:00,Breakfast,NS,"[('Eggs', 10), ('Pancake', 4), ('Coffee', 4)]",347.0,-37.8214836,144.9612666,1,9.093,6.9603189
ORDB06133,2018-12-26,19:49:51,Dinner,TP,"[('Pasta', 7), ('Salmon', 5), ('Fish&Chips', 9)]",712.5,-37.8031088,144.9634489,0,9.406,13.6882772
ORDB02089,2018-10-10,17:17:44,Dinner,TP,"[('Fish&Chips', 1), ('Shrimp', 10), ('Pasta', 8), ('Salmon', 10)]",1205.0,-37.8124822,144.9533468,0,9.024,13.4310576
ORDJ06726,2018-01-29,08:50:42,Breakfast,TP,"[('Pancake', 1), ('Cereal', 2), ('Coffee', 3), ('Eggs', 5)]",198.75,-37.8031905,144.9695871,0,9.653,12.172577
ORDX04918,2018-09-07,16:16:54,Dinner,BK,"[('Fish&Chips', 9), ('Salmon', 10), ('Shrimp', 1), ('Pasta', 5)]",916.5,-37.8209323,144.9766693,0,7.265,14.3398681
ORDC04785,2018-08-31,15:56:37,Lunch,NS,"[('Salad', 6), ('Chicken', 4), ('Steak', 8)]",591.2,-37.8085782,144.9591247,0,7.731,13.2456595
ORDX00128,2018-02-11,09:21:07,Breakfast,BK,"[('Eggs', 3), ('Cereal', 10), ('Coffee', 6), ('Pancake', 2)]",369.5,-37.8111718,144.9675094,0,7.217,14.3113727
ORDK03041,2018-10-25,17:48:10,Dinner,BK,"[('Shrimp', 8), ('Fish&Chips', 1), ('Pasta', 6)]",632.0,-37.7994183,144.9547368,0,8.574,7.4763569
ORDX07730,2018-07-29,14:55:46,Lunch,BK,"[('Burger', 3), ('Fries', 5), ('Steak', 2), ('Chicken', 2)]",307.0,-37.8184468,144.9487972,0,9.213,17.3811992
ORDK09202,2018-03-31,10:52:23,Breakfast,BK,"[('Coffee', 2), ('Cereal', 5)]",120.0,-37.8046827,144.9200194,0,11.649,19.108664
ORDX00361,2018-05-13,12:23:39,Lunch,BK,"[('Chicken', 7), ('Steak', 9), ('Burger', 3)]",722.0,-37.7997655,144.9595308,0,8.521,16.4915325
ORDZ10957,2018-03-12,10:11:49,Breakfast,NS,"[('Coffee', 2), ('Eggs', 5)]",125.0,-37.8077007,144.9714503,0,6.985,11.7132933
ORDJ02747,2018-08-20,15:36:20,Lunch,TP,"[('Salad', 9), ('Burger', 4), ('Steak', 5), ('Fries', 7), ('Chicken', 8)]",843.8,-37.8036009,144.9549911,0,9.553,13.0338343
ORDB01895,2018-06-27,13:44:47,Lunch,TP,"[('Fries', 9), ('Burger', 7), ('Steak', 4)]",505.0,-37.8096265,144.9513209,0,9.257,13.0680787
ORDY05633,2018-05-30,12:54:05,Lunch,TP,"[('Salad', 4), ('Chicken', 1), ('Fries', 1), ('Steak', 2), ('Burger', 9)]",481.8,-37.817473,144.9904157,0,9.744,13.4392657
ORDI05372,2018-02-20,09:31:16,Breakfast,NS,"[('Coffee', 9), ('Pancake', 4), ('Eggs', 6)]",296.5,-37.8025333,144.954166,0,7.826,13.0287725
ORDA09151,2018-06-28,13:54:55,Lunch,BK,"[('Steak', 3), ('Burger', 5), ('Salad', 9), ('Fries', 3)]",480.8,-37.8236457,144.9750312,0,7.622,13.8147979
ORDK09021,2018-07-18,14:35:29,Lunch,BK,"[('Burger', 7), ('Salad', 5)]",303.0,-37.8223324,144.9553418,0,8.718,14.4482781
ORDB00435,2018-06-15,13:24:30,Lunch,TP,"[('Salad', 4), ('Steak', 9), ('Fries', 9), ('Chicken', 1), ('Burger', 8)]",861.8,-37.8154177,144.9665563,0,7.98,11.5764652
ORDK03837,2018-02-15,09:31:16,Breakfast,BK,"[('Eggs', 1), ('Coffee', 10), ('Cereal', 8)]",265.0,-37.7963053,144.9400168,0,9.919,14.5208438
ORDZ04762,2018-03-27,10:42:15,Breakfast,NS,"[('Pancake', 1), ('Eggs', 9)]",222.25,-37.8147072,144.966842,0,8.058,12.6903852
ORDJ04015,2018-08-23,15:46:28,Lunch,TP,"[('Fries', 10), ('Salad', 6), ('Chicken', 9), ('Burger', 5), ('Steak', 1)]",711.2,-37.8115889,144.9485114,0,9.442,12.7068198
ORDK11079,2018-12-20,19:39:43,Dinner,BK,"[('Salmon', 3), ('Shrimp', 8), ('Pasta', 9), ('Fish&Chips', 10)]",1152.5,-37.8129576,144.933682,0,11.218,18.0367896
ORDZ02558,2018-04-08,11:12:40,Breakfast,NS,"[('Pancake', 2), ('Eggs', 2)]",92.5,-37.8174572,144.967618,0,8.319,15.3722265
ORDY06602,2018-03-27,10:42:15,Breakfast,TP,"[('Cereal', 8), ('Eggs', 7), ('Coffee', 10), ('Pancake', 3)]",469.75,-37.8071361,144.9594576,0,9.025,11.424746
ORDK05350,2018-09-23,16:47:19,Dinner,BK,"[('Pasta', 7), ('Fish&Chips', 7), ('Salmon', 8), ('Shrimp', 10)]",1305.5,-37.8041594,144.9962001,0,5.069,14.5743812
ORDY10031,2018-04-19,11:32:57,Breakfast,TP,"[('Pancake', 7), ('Cereal', 8)]",337.75,-37.8070175,144.9499535,0,9.524,11.8140226
ORDX09830,2018-03-20,10:32:06,Breakfast,BK,"[('Pancake', 3), ('Cereal', 5)]",177.75,-37.8098351,144.958525,0,7.963,12.9920721
ORDZ08851,2018-10-03,17:07:36,Dinner,NS,"[('Fish&Chips', 3), ('Salmon', 2), ('Pasta', 3)]",269.5,-37.8126534,144.954667,0,8.322,14.2345823
ORDZ02303,2018-01-05,08:00:00,Breakfast,NS,"[('Pancake', 7), ('Eggs', 6), ('Coffee', 2)]",316.75,-37.812253,144.9386792,1,9.801,7.3387224
ORDA04872,2018-03-19,10:32:06,Breakfast,BK,"[('Coffee', 10), ('Cereal', 4)]",159.0,-37.8117823,144.957656,0,8.292,13.7130352
ORDX06846,2018-07-25,14:45:38,Lunch,BK,"[('Fries', 2), ('Burger', 2), ('Chicken', 2)]",150.0,-37.8236668,144.9770017,0,7.415,12.8489593
ORDK02624,2018-06-05,13:04:13,Lunch,BK,"[('Steak', 6), ('Chicken', 5), ('Salad', 5), ('Burger', 5), ('Fries', 6)]",743.0,-37.8114807,144.9278808,0,11.49,17.1704612
ORDI02777,2018-11-25,18:49:00,Dinner,NS,"[('Fish&Chips', 7), ('Salmon', 7), ('Shrimp', 1), ('Pasta', 2)]",641.0,-37.8206455,144.9487556,0,9.701,17.6839655
ORDC07480,2018-05-14,12:23:39,Lunch,NS,"[('Burger', 9), ('Fries', 6), ('Steak', 5), ('Chicken', 5)]",736.0,-37.8208869,144.9551597,0,9.39,15.0926737
ORDA06276,2018-04-24,11:43:05,Breakfast,BK,"[('Eggs', 10), ('Coffee', 5), ('Cereal', 8)]",425.5,-37.8188617,144.9685261,0,7.596,12.1930582
ORDZ09262,2018-05-10,12:13:31,Lunch,NS,"[('Steak', 8), ('Salad', 3), ('Fries', 10), ('Chicken', 3), ('Burger', 1)]",658.6,-37.7997507,144.9943718,0,8.62,14.4760422
ORDJ04038,2018-09-21,16:37:10,Dinner,TP,"[('Pasta', 10), ('Fish&Chips', 6), ('Salmon', 7)]",772.0,-37.8117769,144.9461149,0,9.847,13.7711839
ORDC02132,2018-08-29,15:56:37,Lunch,NS,"[('Fries', 8), ('Salad', 4), ('Steak', 10), ('Burger', 6)]",800.8,-37.8173553,144.946046,0,9.413,15.0238512
ORDB05307,2018-07-07,14:05:04,Lunch,TP,"[('Burger', 4), ('Fries', 7), ('Chicken', 3), ('Salad', 7)]",424.4,-37.8191333,144.9614422,0,7.686,12.5540316
ORDX10646,2018-03-18,10:32:06,Breakfast,BK,"[('Eggs', 7), ('Cereal', 10), ('Coffee', 6), ('Pancake', 8)]",603.0,-37.81106,144.9727426,0,6.823,14.3949181
ORDK03254,2018-06-15,13:24:30,Lunch,BK,"[('Fries', 8), ('Chicken', 6), ('Salad', 5)]",374.0,-37.8194075,145.01463,0,4.309,9.9742223
ORDY01473,2018-12-28,20:00:00,Dinner,TP,"[('Pasta', 7), ('Salmon', 9), ('Fish&Chips', 6), ('Shrimp', 3)]",933.5,-37.8214197,144.9454782,0,9.127,13.3583981
ORDK02758,2018-10-27,17:58:18,Dinner,BK,"[('Shrimp', 6), ('Fish&Chips', 5)]",499.0,-37.8075895,144.9702615,0,6.776,15.8780996
ORDZ06748,2018-02-06,09:10:59,Breakfast,NS,"[('Coffee', 6), ('Pancake', 2)]",93.5,-37.8222957,144.9787102,0,8.957,14.1181841
ORDX07659,2018-11-09,18:18:35,Dinner,BK,"[('Salmon', 2), ('Pasta', 9), ('Shrimp', 1), ('Fish&Chips', 8)]",663.5,-37.8198647,144.9525642,0,8.854,16.0212992
ORDC10601,2018-03-18,10:32:06,Breakfast,NS,"[('Eggs', 3), ('Cereal', 5), ('Coffee', 3)]",193.5,-37.8104056,144.9724463,0,7.311,14.0977091
ORDZ02787,2018-07-22,14:45:38,Lunch,NS,"[('Salad', 9), ('Fries', 4), ('Burger', 3), ('Steak', 4), ('Chicken', 6)]",667.8,-37.8039194,144.9495559,0,8.369,15.5754567
ORDY07030,2018-03-26,10:42:15,Breakfast,TP,"[('Cereal', 4), ('Coffee', 4), ('Pancake', 5), ('Eggs', 5)]",345.25,-37.805583,144.9490278,0,9.672,12.6979279
ORDY02891,2018-04-20,11:32:57,Breakfast,TP,"[('Cereal', 2), ('Coffee', 5)]",79.5,-37.8049456,144.9430752,0,10.241,12.8085976
ORDA00512,2018-12-22,19:49:51,Dinner,BK,"[('Pasta', 4), ('Shrimp', 10), ('Salmon', 6), ('Fish&Chips', 6)]",1106.0,-37.8080665,144.9668386,0,7.17,16.4886596
ORDI00143,2018-06-17,13:34:38,Lunch,NS,"[('Salad', 10), ('Fries', 5), ('Chicken', 4), ('Steak', 8), ('Burger', 6)]",906.0,-37.8223501,144.9840706,0,9.025,17.0459751
ORDZ09515,2018-04-23,11:43:05,Breakfast,NS,"[('Eggs', 2), ('Pancake', 8), ('Cereal', 5)]",343.0,-37.8219348,144.9542982,0,9.576,14.8245456
ORDJ04149,2018-05-29,12:54:05,Lunch,TP,"[('Steak', 10), ('Fries', 6), ('Burger', 10), ('Chicken', 1)]",864.0,-37.8040739,144.9175502,0,12.339,15.0439006
ORDJ09883,2018-02-03,09:00:50,Breakfast,TP,"[('Cereal', 3), ('Coffee', 3)]",85.5,-37.8239721,144.9910896,0,9.51,13.555564
ORDI02889,2018-03-23,10:42:15,Breakfast,NS,"[('Pancake', 1), ('Eggs', 4), ('Cereal', 7), ('Coffee', 5)]",296.75,-37.8003725,144.9586265,0,7.277,12.6557738
ORDI06017,2018-03-09,10:11:49,Breakfast,NS,"[('Coffee', 5), ('Pancake', 7), ('Cereal', 8)]",375.25,-37.8251136,144.9849581,0,9.561,14.1732279
ORDJ02840,2018-09-26,16:47:19,Dinner,TP,"[('Pasta', 2), ('Salmon', 9), ('Shrimp', 8), ('Fish&Chips', 6)]",1066.0,-37.8160546,144.9725048,0,8.208,18.8286585
ORDK00044,2018-10-27,17:58:18,Dinner,BK,"[('Fish&Chips', 10), ('Pasta', 10)]",625.0,-37.8190725,144.964908,0,7.794,17.1018269
ORDI03835,2018-02-15,09:31:16,Breakfast,NS,"[('Cereal', 10), ('Pancake', 9), ('Coffee', 4), ('Eggs', 3)]",524.25,-37.8026444,144.9880756,0,7.868,13.0370456
ORDX04510,2018-09-09,16:16:54,Dinner,BK,"[('Salmon', 10), ('Shrimp', 9)]",896.0,-37.8019691,144.9744679,0,7.082,25.22437005
ORDI03488,2018-03-14,10:21:58,Breakfast,NS,"[('Pancake', 4), ('Cereal', 2)]",139.0,-37.8018142,144.969824,0,6.232,10.9953885
ORDI03898,2018-02-13,09:21:07,Breakfast,NS,"[('Cereal', 8), ('Coffee', 2), ('Pancake', 6)]",328.5,-37.8035334,144.9729297,0,7.008,11.9377512
ORDA03896,2018-06-23,13:44:47,Lunch,BK,"[('Burger', 6), ('Salad', 4)]",254.8,-37.8040317,144.9695353,0,7.155,15.7158969
ORDJ09278,2018-07-14,14:25:21,Lunch,TP,"[('Burger', 3), ('Salad', 9), ('Chicken', 4)]",375.8,-37.8190538,144.953948,0,8.431,13.5473969
ORDJ03718,2018-05-17,12:23:39,Lunch,TP,"[('Chicken', 8), ('Fries', 2), ('Salad', 4), ('Steak', 6), ('Burger', 8)]",866.8,-37.7984297,144.9523904,0,10.153,13.6832471
ORDZ04039,2018-06-09,13:14:21,Lunch,NS,"[('Fries', 1), ('Chicken', 3), ('Burger', 8), ('Steak', 4)]",536.0,-37.8043313,144.9483399,0,8.572,23.79027225
ORDA04386,2018-09-13,16:27:02,Dinner,BK,"[('Salmon', 1), ('Fish&Chips', 8), ('Shrimp', 8), ('Pasta', 5)]",890.5,-37.80317,144.9571893,0,8.341,15.1107864
ORDC01542,2018-10-27,17:58:18,Dinner,NS,"[('Shrimp', 3), ('Salmon', 4)]",326.0,-37.8208432,144.9919256,0,9.618,16.9614042
ORDZ07032,2018-08-23,15:46:28,Lunch,NS,"[('Chicken', 1), ('Burger', 5)]",187.0,-37.817662,144.9704051,0,8.207,13.2898858
ORDB09893,2018-04-12,11:12:40,Breakfast,TP,"[('Cereal', 10), ('Pancake', 9)]",428.25,-37.8191244,144.9654965,0,7.411,9.6998108
ORDI05815,2018-09-24,16:47:19,Dinner,NS,"[('Shrimp', 7), ('Salmon', 2), ('Fish&Chips', 1), ('Pasta', 6)]",660.0,-37.8158973,144.964698,0,8.238,14.6745473
ORDZ01925,2018-06-28,13:54:55,Lunch,NS,"[('Salad', 1), ('Steak', 4), ('Fries', 9), ('Burger', 8), ('Chicken', 10)]",873.2,-37.824667,144.9887678,0,9.65,14.5842537
ORDX11054,2018-03-25,10:42:15,Breakfast,BK,"[('Cereal', 10), ('Pancake', 10), ('Coffee', 3), ('Eggs', 3)]",541.0,-37.8198734,145.0116681,0,4.477,17.39218545
ORDK02318,2018-09-20,16:37:10,Dinner,BK,"[('Shrimp', 9), ('Fish&Chips', 1), ('Salmon', 6)]",767.0,-37.8248137,145.0148278,0,4.966,5.92127135
ORDJ10772,2018-05-19,12:33:48,Lunch,TP,"[('Burger', 9), ('Steak', 8), ('Fries', 9), ('Chicken', 9), ('Salad', 2)]",1069.4,-37.8157841,144.9555109,0,8.437,13.7329239
ORDJ04218,2018-12-08,19:19:26,Dinner,TP,"[('Shrimp', 10), ('Pasta', 8)]",760.0,-37.8182877,144.966146,0,7.704,13.8122506
ORDY03683,2018-02-22,09:41:24,Breakfast,TP,"[('Eggs', 6), ('Pancake', 5)]",253.25,-37.8126195,145.0057727,0,11.491,13.4155918
ORDZ08143,2018-06-12,13:24:30,Lunch,NS,"[('Salad', 2), ('Fries', 1), ('Steak', 4), ('Chicken', 9)]",514.4,-37.815136,144.9419156,0,9.568,15.3611804
ORDX10406,2018-01-13,08:20:16,Breakfast,BK,"[('Pancake', 1), ('Eggs', 5), ('Cereal', 4)]",218.25,-37.8077429,144.9515704,1,8.693,8.0480124
ORDI09066,2018-01-17,08:30:25,Breakfast,NS,"[('Cereal', 10), ('Pancake', 4)]",307.0,-37.806536,144.9579815,1,7.812,6.1736093
ORDK00612,2018-11-15,18:28:43,Dinner,BK,"[('Pasta', 9), ('Shrimp', 7)]",625.5,-37.8028311,144.9551138,0,8.283,15.2803913
ORDJ06699,2018-12-14,19:29:34,Dinner,TP,"[('Pasta', 10), ('Shrimp', 5), ('Salmon', 7), ('Fish&Chips', 3)]",937.0,-37.810876,144.9390697,0,10.247,13.8141837
ORDC08153,2018-12-25,19:49:51,Dinner,NS,"[('Fish&Chips', 5), ('Pasta', 3), ('Shrimp', 2), ('Salmon', 8)]",693.5,-37.8159483,145.0094537,0,10.832,17.064786
ORDB07353,2018-03-03,10:01:41,Breakfast,TP,"[('Cereal', 8), ('Coffee', 1)]",175.5,-37.8208675,144.956,0,8.089,12.6041946
ORDI05770,2018-11-21,18:38:52,Dinner,NS,"[('Pasta', 7), ('Shrimp', 9), ('Salmon', 9)]",1047.5,-37.80771,144.9815607,0,7.693,14.0705811
ORDA05485,2018-11-04,18:08:27,Dinner,BK,"[('Pasta', 4), ('Salmon', 3), ('Fish&Chips', 6)]",443.0,-37.818868,144.9522176,0,8.921,17.8426929
ORDB03159,2018-07-04,14:05:04,Lunch,TP,"[('Salad', 5), ('Fries', 6), ('Chicken', 9), ('Steak', 6)]",716.0,-37.8218102,144.9518698,0,8.481,12.0537066
ORDC03953,2018-12-06,19:09:17,Dinner,NS,"[('Pasta', 5), ('Fish&Chips', 4)]",277.5,-37.8156092,144.9665347,0,8.101,13.2299952
ORDX04907,2018-12-12,19:29:34,Dinner,BK,"[('Shrimp', 2), ('Pasta', 2), ('Salmon', 8), ('Fish&Chips', 7)]",736.0,-37.815178,144.9366701,0,10.033,8.72154035
ORDJ00550,2018-04-19,11:32:57,Breakfast,TP,"[('Eggs', 4), ('Pancake', 6), ('Coffee', 4), ('Cereal', 8)]",431.5,-37.8075589,144.9498873,0,9.523,12.2013428
ORDB02921,2018-01-12,08:20:16,Breakfast,TP,"[('Cereal', 9), ('Eggs', 5), ('Coffee', 2)]",314.0,-37.8072412,144.9574337,1,9.178,5.7029775
ORDX10165,2018-09-20,16:37:10,Dinner,BK,"[('Pasta', 7), ('Salmon', 4)]",356.5,-37.8147001,145.0136597,0,4.351,10.5738729
ORDJ07535,2018-05-01,11:53:14,Breakfast,TP,"[('Coffee', 6), ('Eggs', 5)]",155.0,-37.806414,144.9583934,0,9.059,11.9588935
ORDJ04427,2018-02-19,09:31:16,Breakfast,TP,"[('Coffee', 1), ('Cereal', 9), ('Eggs', 6)]",328.5,-37.8093685,144.9493415,0,9.491,12.1113903
ORDX02801,2018-12-14,19:29:34,Dinner,BK,"[('Shrimp', 5), ('Pasta', 3)]",352.5,-37.8010036,144.9628949,0,8.058,14.8551426
ORDB03645,2018-07-11,14:15:12,Lunch,TP,"[('Chicken', 6), ('Burger', 3), ('Salad', 3), ('Fries', 2), ('Steak', 10)]",810.6,-37.7999502,144.97711,0,10.164,13.3167272
ORDI09539,2018-09-14,16:27:02,Dinner,NS,"[('Shrimp', 2), ('Salmon', 8), ('Pasta', 6)]",601.0,-37.8153659,144.9354149,0,10.076,15.9987985
ORDC03873,2018-10-01,16:57:27,Dinner,NS,"[('Pasta', 2), ('Shrimp', 6), ('Fish&Chips', 3), ('Salmon', 8)]",812.0,-37.8009865,144.9879762,0,7.829,7.0317304
ORDB07957,2018-12-11,19:19:26,Dinner,TP,"[('Pasta', 5), ('Fish&Chips', 7), ('Salmon', 2), ('Shrimp', 1)]",518.5,-37.8207343,144.9488209,0,8.853,13.0736636
ORDY02081,2018-03-23,10:42:15,Breakfast,TP,"[('Coffee', 9), ('Cereal', 3), ('Pancake', 8), ('Eggs', 4)]",412.5,-37.8148825,144.9271154,0,11.876,21.26482245
ORDY01004,2018-06-14,13:24:30,Lunch,TP,"[('Chicken', 4), ('Fries', 9), ('Burger', 6), ('Salad', 1), ('Steak', 7)]",754.2,-37.8108985,144.9966202,0,10.683,6.85617275
ORDA11023,2018-05-04,12:03:22,Lunch,BK,"[('Steak', 10), ('Burger', 9), ('Salad', 1), ('Chicken', 10), ('Fries', 8)]",1162.2,-37.8026898,144.938283,0,10.46,16.1237753
ORDI05172,2018-05-01,11:53:14,Breakfast,NS,"[('Eggs', 5), ('Pancake', 10), ('Coffee', 2), ('Cereal', 1)]",388.5,-37.8093528,144.9504044,0,8.729,13.6377055
ORDI02470,2018-09-22,16:47:19,Dinner,NS,"[('Fish&Chips', 6), ('Shrimp', 5), ('Pasta', 10), ('Salmon', 1)]",796.0,-37.8081355,144.9731431,0,7.111,7.32316425
ORDK06486,2018-08-13,15:26:11,Lunch,BK,"[('Steak', 6), ('Fries', 2), ('Salad', 5), ('Burger', 5)]",535.0,-37.8056933,144.94122,0,9.556,15.520062
ORDC04336,2018-01-18,08:30:25,Breakfast,NS,"[('Cereal', 8), ('Coffee', 7), ('Eggs', 6), ('Pancake', 5)]",473.75,-37.8120044,145.015264,1,11.146,3.92574585
ORDI10962,2018-05-12,12:13:31,Lunch,NS,"[('Fries', 1), ('Salad', 5), ('Steak', 5), ('Burger', 4), ('Chicken', 1)]",479.0,-37.8026551,144.9651658,0,6.766,13.9385634
ORDX10371,2018-08-27,15:56:37,Lunch,BK,"[('Steak', 1), ('Burger', 3)]",138.0,-37.8208423,144.9549685,0,8.6,14.4037082
ORDY09232,2018-09-04,16:06:45,Dinner,TP,"[('Salmon', 2), ('Fish&Chips', 7), ('Shrimp', 2), ('Pasta', 5)]",572.5,-37.8122644,144.937572,0,10.391,14.0657321
ORDI03190,2018-07-15,14:25:21,Lunch,NS,"[('Chicken', 5), ('Steak', 9), ('Fries', 9)]",673.0,-37.8201983,144.957654,0,9.165,16.7929225
ORDJ00772,2018-07-28,14:55:46,Lunch,TP,"[('Steak', 6), ('Burger', 2)]",332.0,-37.8048636,144.987693,0,10.598,15.2788518
ORDA02663,2018-06-15,13:24:30,Lunch,BK,"[('Fries', 2), ('Burger', 7), ('Chicken', 8), ('Salad', 6), ('Steak', 6)]",870.2,-37.8055175,144.9979872,0,4.767,10.3977348
ORDX05111,2018-08-16,15:26:11,Lunch,BK,"[('Steak', 10), ('Fries', 7)]",534.0,-37.8106531,145.0006777,0,4.079,10.3111429
ORDJ03686,2018-06-22,13:34:38,Lunch,TP,"[('Burger', 5), ('Chicken', 3)]",251.0,-37.8043288,145.0007417,0,11.813,14.8948232
ORDZ06667,2018-01-10,08:10:08,Breakfast,NS,"[('Eggs', 3), ('Coffee', 7)]",118.5,-37.8005242,144.9558648,1,7.557,6.2531237
ORDJ07142,2018-10-13,17:27:53,Dinner,TP,"[('Shrimp', 1), ('Fish&Chips', 2)]",124.0,-37.8212135,144.9557162,0,8.143,13.6312085
ORDI09589,2018-01-12,08:20:16,Breakfast,NS,"[('Eggs', 2), ('Cereal', 4), ('Coffee', 9), ('Pancake', 2)]",244.0,-37.8164427,144.9839512,1,8.692,6.6337595
ORDK01503,2018-11-28,18:59:09,Dinner,BK,"[('Shrimp', 10), ('Salmon', 5), ('Pasta', 8), ('Fish&Chips', 10)]",1315.0,-37.8208377,144.9666228,0,7.954,23.0209467
